address_id,street_address,postal_city,state,zip,year_built,units,use_code,use_description,source_dataset,retrieved_at,resolved_city,resolved_state,county,lat,lon,resolution_method,resolution_confidence,resolution_note,census_place,census_place_geoid,county_subdivision,matched_address
A0001,6238 DE LONGPRE AVE,Los Angeles,CA,90028,1927,32,0500,Five or more apartments,LA County eGIS parcels,2026-10-01T22:50Z,Los Angeles,CA,Los Angeles County,34.096133,-118.324865,census_batch,0.95,"Census batch geocoder exact match '6238 DE LONGPRE AVE, LOS ANGELES, CA, 90028'; inside Los Angeles city",Los Angeles city,0644000,Los Angeles CCD,"6238 DE LONGPRE AVE, LOS ANGELES, CA, 90028"
A0002,1031-1035 CLINTON ST,Hoboken,NJ,07030,2001,,4C,6B-20U-G,NJOGIS Parcels & MOD-IV Composite,2026-10-01T22:50Z,Hoboken,NJ,Hudson County,40.749765,-74.031831,census_batch,0.95,"Census batch geocoder exact match '1031 CLINTON ST, HOBOKEN, NJ, 07030'; inside Hoboken city",Hoboken city,3432250,Hoboken city,"1031 CLINTON ST, HOBOKEN, NJ, 07030"
A0003,876-878 S 14TH ST,Newark,NJ,11219,,,4C,4SB,NJOGIS Parcels & MOD-IV Composite,2026-10-01T22:50Z,Newark,NJ,Essex County,40.724887,-74.210414,census_batch,0.95,"Census batch geocoder exact match '876 S 14TH ST, NEWARK, NJ, 07108'; inside Newark city; source ZIP 11219 is not a Newark ZIP and was ignored",Newark city,3451000,Newark city,"876 S 14TH ST, NEWARK, NJ, 07108"
A0004,10050 MOUNTAIR AVE,Los Angeles,CA,91042,1964,39,0500,Five or more apartments,LA County eGIS parcels,2026-10-01T22:50Z,Los Angeles,CA,Los Angeles County,34.251842,-118.293109,census_batch,0.85,"Census batch geocoder non_exact match '10050 MOUNTAIR AVE, TUJUNGA, CA, 91042'; inside Los Angeles city; USPS name 'Tujunga' is a neighborhood of Los Angeles, same city rules",Los Angeles city,0644000,San Fernando Valley CCD,"10050 MOUNTAIR AVE, TUJUNGA, CA, 91042"
A0005,1609 ADDISON ST,Berkeley,CA,94703,,,7700,Alameda County use code (5+ units),Alameda County parcels,2026-10-01T22:50Z,Berkeley,CA,Alameda County,37.869831,-122.279294,census_batch,0.95,"Census batch geocoder exact match '1609 ADDISON ST, BERKELEY, CA, 94703'; inside Berkeley city",Berkeley city,0606000,Berkeley CCD,"1609 ADDISON ST, BERKELEY, CA, 94703"
A0006,69-71 WESTLAND AV,Boston,MA,02115,1900,,A/125,SUBSD HOUSING S- 8,Boston Property Assessment FY2026,2026-10-01T22:50Z,Boston,MA,Suffolk County,42.343782,-71.088687,census_batch,0.95,"Census batch geocoder exact match '69 WESTLAND AVE, BOSTON, MA, 02115'; inside Boston city",Boston city,2507000,Boston city,"69 WESTLAND AVE, BOSTON, MA, 02115"
A0007,4257 SAN PEDRO PL,Los Angeles,CA,90011,1913,6,0500,Five or more apartments,LA County eGIS parcels,2026-10-01T22:50Z,Los Angeles,CA,Los Angeles County,34.006236,-118.271165,census_batch,0.95,"Census batch geocoder exact match '4257 SAN PEDRO PL, LOS ANGELES, CA, 90011'; inside Los Angeles city",Los Angeles city,0644000,Los Angeles CCD,"4257 SAN PEDRO PL, LOS ANGELES, CA, 90011"
A0008,1065 SUMMIT AVENUE,Jersey City,NJ,78746,,,4C,10S-B-A-151U-HE,NJOGIS Parcels & MOD-IV Composite,2026-10-01T22:50Z,Jersey City,NJ,Hudson County,40.75107,-74.049026,census_batch,0.95,"Census batch geocoder exact match '1065 SUMMIT AVE, JERSEY CITY, NJ, 07307'; inside Jersey City city; source ZIP 78746 is not a Jersey City ZIP and was ignored",Jersey City city,3436000,Jersey City city,"1065 SUMMIT AVE, JERSEY CITY, NJ, 07307"
A0009,322-322.5 Western Ave,Cambridge,MA,,1915,6,111,4-8-UNIT-APT,Cambridge Property Database FY2026 (waa7-ibdu),2026-10-01T22:50Z,Cambridge,MA,Middlesex County,42.364468,-71.113348,census_batch,0.95,"Census batch geocoder exact match '322 WESTERN AVE, CAMBRIDGE, MA, 02139'; inside Cambridge city",Cambridge city,2511000,Cambridge city,"322 WESTERN AVE, CAMBRIDGE, MA, 02139"
A0010,134 Oxford St,Cambridge,MA,,1915,6,111,4-8-UNIT-APT,Cambridge Property Database FY2026 (waa7-ibdu),2026-10-01T22:50Z,Cambridge,MA,Middlesex County,42.385333,-71.116058,census_batch,0.95,"Census batch geocoder exact match '134 OXFORD ST, CAMBRIDGE, MA, 02140'; inside Cambridge city",Cambridge city,2511000,Cambridge city,"134 OXFORD ST, CAMBRIDGE, MA, 02140"
A0011,834-836 RAYMOND BLVD,Newark,NJ,08805,,,4C,3S.F.,NJOGIS Parcels & MOD-IV Composite,2026-10-01T22:50Z,Newark,NJ,Essex County,40.732647,-74.156148,census_batch,0.95,"Census batch geocoder exact match '834 RAYMOND BLVD, NEWARK, NJ, 07105'; inside Newark city; source ZIP 08805 is not a Newark ZIP and was ignored",Newark city,3451000,Newark city,"834 RAYMOND BLVD, NEWARK, NJ, 07105"
A0012,1064 SUMMIT AVE.,Jersey City,NJ,07728,1900,,4C,3S-F-D-6U,NJOGIS Parcels & MOD-IV Composite,2026-10-01T22:50Z,Jersey City,NJ,Hudson County,40.751189,-74.048776,census_batch,0.95,"Census batch geocoder exact match '1064 SUMMIT AVE, JERSEY CITY, NJ, 07307'; inside Jersey City city; source ZIP 07728 is not a Jersey City ZIP and was ignored",Jersey City city,3436000,Jersey City city,"1064 SUMMIT AVE, JERSEY CITY, NJ, 07307"
A0013,137 N 11TH ST,Newark,NJ,07107,,,4C,3SF,NJOGIS Parcels & MOD-IV Composite,2026-10-01T22:50Z,Newark,NJ,Essex County,40.759894,-74.191695,census_batch,0.95,"Census batch geocoder exact match '137 N 11TH ST, NEWARK, NJ, 07107'; inside Newark city",Newark city,3451000,Newark city,"137 N 11TH ST, NEWARK, NJ, 07107"
A0014,5907 CAHUENGA BLVD,Los Angeles,CA,91601,1947,7,0500,Five or more apartments,LA County eGIS parcels,2026-10-01T22:50Z,Los Angeles,CA,Los Angeles County,34.177802,-118.361636,census_batch,0.85,"Census batch geocoder non_exact match '5907 CAHUENGA BLVD, NORTH HOLLYWOOD, CA, 91601'; inside Los Angeles city; USPS name 'North Hollywood' is a neighborhood of Los Angeles, same city rules",Los Angeles city,0644000,San Fernando Valley CCD,"5907 CAHUENGA BLVD, NORTH HOLLYWOOD, CA, 91601"
A0015,15 Everett St,Cambridge,MA,,1930,83,112,>8-UNIT-APT,Cambridge Property Database FY2026 (waa7-ibdu),2026-10-01T22:50Z,Cambridge,MA,Middlesex County,42.379981,-71.11872,census_batch,0.95,"Census batch geocoder exact match '15 EVERETT ST, CAMBRIDGE, MA, 02138'; inside Cambridge city",Cambridge city,2511000,Cambridge city,"15 EVERETT ST, CAMBRIDGE, MA, 02138"
A0016,3515 FILLMORE ST,San Francisco,CA,,1926,21,A15,Apartment 15 Units or more,DataSF wv5m-vpq2 (2025 roll),2026-10-01T22:50Z,San Francisco,CA,San Francisco County,37.801874,-122.436685,census_batch,0.95,"Census batch geocoder exact match '3515 FILLMORE ST, SAN FRANCISCO, CA, 94123'; inside San Francisco city (consolidated City and County of San Francisco)",San Francisco city,0667000,Richmond-Presidio-Marina CCD,"3515 FILLMORE ST, SAN FRANCISCO, CA, 94123"
A0017,225 DUNCAN AVE.,Jersey City,NJ,10949,,,4C,3S-F-D-6U-NH,NJOGIS Parcels & MOD-IV Composite,2026-10-01T22:50Z,Jersey City,NJ,Hudson County,40.727763,-74.079235,census_batch,0.95,"Census batch geocoder exact match '225 DUNCAN AVE, JERSEY CITY, NJ, 07306'; inside Jersey City city; source ZIP 10949 is not a Jersey City ZIP and was ignored",Jersey City city,3436000,Jersey City city,"225 DUNCAN AVE, JERSEY CITY, NJ, 07306"
A0018,1906 BONITA AVE,Berkeley,CA,94704,,,7200,Alameda County use code (5+ units),Alameda County parcels,2026-10-01T22:50Z,Berkeley,CA,Alameda County,37.873089,-122.272116,census_batch,0.95,"Census batch geocoder exact match '1906 BONITA AVE, BERKELEY, CA, 94704'; inside Berkeley city",Berkeley city,0606000,Berkeley CCD,"1906 BONITA AVE, BERKELEY, CA, 94704"
A0019,3820 HAINES ST,San Diego,CA,92109,,16,15,SANDAG asr_landuse 14-16 (5+ units),SANDAG/SanGIS parcels,2026-10-01T22:50Z,San Diego,CA,San Diego County,32.788735,-117.239512,census_batch,0.95,"Census batch geocoder exact match '3820 HAINES ST, SAN DIEGO, CA, 92109'; inside San Diego city",San Diego city,0666000,San Diego CCD,"3820 HAINES ST, SAN DIEGO, CA, 92109"
A0020,646-648 N 6TH ST,Newark,NJ,07083,,,4C,Apartments (class 4C),NJOGIS Parcels & MOD-IV Composite,2026-10-01T22:50Z,Newark,NJ,Essex County,40.771163,-74.18062,census_batch,0.95,"Census batch geocoder exact match '646 N 6TH ST, NEWARK, NJ, 07107'; inside Newark city; source ZIP 07083 is not a Newark ZIP and was ignored",Newark city,3451000,Newark city,"646 N 6TH ST, NEWARK, NJ, 07107"
A0021,22 PRECITA AV,San Francisco,CA,,1963,6,A5,Apartment 5 to 14 Units,DataSF wv5m-vpq2 (2025 roll),2026-10-01T22:50Z,San Francisco,CA,San Francisco County,37.746697,-122.418914,census_batch,0.95,"Census batch geocoder exact match '22 PRECITA AVE, SAN FRANCISCO, CA, 94110'; inside San Francisco city (consolidated City and County of San Francisco)",San Francisco city,0667000,Mission-Bernal CCD,"22 PRECITA AVE, SAN FRANCISCO, CA, 94110"
A0022,10908 HARTSOOK ST,Los Angeles,CA,91601,2012,5,0500,Five or more apartments,LA County eGIS parcels,2026-10-01T22:50Z,Los Angeles,CA,Los Angeles County,34.163486,-118.368313,census_batch,0.85,"Census batch geocoder non_exact match '10908 HARTSOOK ST, NORTH HOLLYWOOD, CA, 91601'; inside Los Angeles city; USPS name 'North Hollywood' is a neighborhood of Los Angeles, same city rules",Los Angeles city,0644000,San Fernando Valley CCD,"10908 HARTSOOK ST, NORTH HOLLYWOOD, CA, 91601"
A0023,843 IROLO ST,Los Angeles,CA,90005,1987,33,0500,Five or more apartments,LA County eGIS parcels,2026-10-01T22:50Z,Los Angeles,CA,Los Angeles County,34.056918,-118.300959,census_batch,0.95,"Census batch geocoder exact match '843 IROLO ST, LOS ANGELES, CA, 90005'; inside Los Angeles city",Los Angeles city,0644000,Los Angeles CCD,"843 IROLO ST, LOS ANGELES, CA, 90005"
A0024,227 Charles St,Cambridge,MA,,1920,6,111,4-8-UNIT-APT,Cambridge Property Database FY2026 (waa7-ibdu),2026-10-01T22:50Z,Cambridge,MA,Middlesex County,42.368207,-71.084851,census_batch,0.95,"Census batch geocoder exact match '227 CHARLES ST, CAMBRIDGE, MA, 02141'; inside Cambridge city",Cambridge city,2511000,Cambridge city,"227 CHARLES ST, CAMBRIDGE, MA, 02141"
A0025,2341 8TH ST,Berkeley,CA,94710,,,7700,Alameda County use code (5+ units),Alameda County parcels,2026-10-01T22:50Z,Berkeley,CA,Alameda County,37.863231,-122.293815,census_batch,0.95,"Census batch geocoder exact match '2341 8TH ST, BERKELEY, CA, 94710'; inside Berkeley city",Berkeley city,0606000,Berkeley CCD,"2341 8TH ST, BERKELEY, CA, 94710"
A0026,59 OAK ST.,Jersey City,NJ,07306,1901,,4C,4S-B-D-8U-NH,NJOGIS Parcels & MOD-IV Composite,2026-10-01T22:50Z,Jersey City,NJ,Hudson County,40.713719,-74.076997,census_batch,0.85,"Census batch geocoder non_exact match '59 OAK ST, JERSEY CITY, NJ, 07304'; inside Jersey City city",Jersey City city,3436000,Jersey City city,"59 OAK ST, JERSEY CITY, NJ, 07304"
A0027,3918 FULTON ST,San Francisco,CA,,1923,6,A5,Apartment 5 to 14 Units,DataSF wv5m-vpq2 (2025 roll),2026-10-01T22:50Z,San Francisco,CA,San Francisco County,37.773109,-122.473684,census_batch,0.95,"Census batch geocoder exact match '3918 FULTON ST, SAN FRANCISCO, CA, 94118'; inside San Francisco city (consolidated City and County of San Francisco)",San Francisco city,0667000,Richmond-Presidio-Marina CCD,"3918 FULTON ST, SAN FRANCISCO, CA, 94118"
A0028,585 5TH ST,Newark,NJ,07107,,,4C,3SF3UG,NJOGIS Parcels & MOD-IV Composite,2026-10-01T22:50Z,Newark,NJ,Essex County,40.768516,-74.180833,census_batch,0.85,"Census batch geocoder non_exact match '585 N 5TH ST, NEWARK, NJ, 07107'; inside Newark city",Newark city,3451000,Newark city,"585 N 5TH ST, NEWARK, NJ, 07107"
A0029,280-284 VERONA AVE,Newark,NJ,07653,,,4C,4SB,NJOGIS Parcels & MOD-IV Composite,2026-10-01T22:50Z,Newark,NJ,Essex County,40.782808,-74.165985,census_batch,0.95,"Census batch geocoder exact match '280 VERONA AVE, NEWARK, NJ, 07104'; inside Newark city; source ZIP 07653 is not a Newark ZIP and was ignored",Newark city,3451000,Newark city,"280 VERONA AVE, NEWARK, NJ, 07104"
A0030,2051 DIVISADERO ST,San Francisco,CA,,1908,5,FS5,Flat & Store 5 to 14 units,DataSF wv5m-vpq2 (2025 roll),2026-10-01T22:50Z,San Francisco,CA,San Francisco County,37.788524,-122.440652,census_batch,0.95,"Census batch geocoder exact match '2051 DIVISADERO ST, SAN FRANCISCO, CA, 94115'; inside San Francisco city (consolidated City and County of San Francisco)",San Francisco city,0667000,Richmond-Presidio-Marina CCD,"2051 DIVISADERO ST, SAN FRANCISCO, CA, 94115"
A0031,5624 S SAN PEDRO ST,Los Angeles,CA,90011,1911,5,0500,Five or more apartments,LA County eGIS parcels,2026-10-01T22:50Z,Los Angeles,CA,Los Angeles County,33.991312,-118.270046,census_batch,0.95,"Census batch geocoder exact match '5624 S SAN PEDRO ST, LOS ANGELES, CA, 90011'; inside Los Angeles city",Los Angeles city,0644000,Los Angeles CCD,"5624 S SAN PEDRO ST, LOS ANGELES, CA, 90011"
A0032,63 OAK ST.,Jersey City,NJ,08820,,,4C,4S-B-D-8U-NH,NJOGIS Parcels & MOD-IV Composite,2026-10-01T22:50Z,Jersey City,NJ,Hudson County,40.7138,-74.077149,census_batch,0.95,"Census batch geocoder exact match '63 OAK ST, JERSEY CITY, NJ, 07304'; inside Jersey City city; source ZIP 08820 is not a Jersey City ZIP and was ignored",Jersey City city,3436000,Jersey City city,"63 OAK ST, JERSEY CITY, NJ, 07304"
A0033,1260 KEARNY ST,San Francisco,CA,,1910,5,A5,Apartment 5 to 14 Units,DataSF wv5m-vpq2 (2025 roll),2026-10-01T22:50Z,San Francisco,CA,San Francisco County,37.799649,-122.405709,census_batch,0.95,"Census batch geocoder exact match '1260 KEARNY ST, SAN FRANCISCO, CA, 94133'; inside San Francisco city (consolidated City and County of San Francisco)",San Francisco city,0667000,Downtown-Northeast Neighborhoods-Treasure Island CCD,"1260 KEARNY ST, SAN FRANCISCO, CA, 94133"
A0034,25 Gore St,Cambridge,MA,,1886,6,111,4-8-UNIT-APT,Cambridge Property Database FY2026 (waa7-ibdu),2026-10-01T22:50Z,Cambridge,MA,Middlesex County,42.371703,-71.079128,census_batch,0.95,"Census batch geocoder exact match '25 GORE ST, CAMBRIDGE, MA, 02141'; inside Cambridge city",Cambridge city,2511000,Cambridge city,"25 GORE ST, CAMBRIDGE, MA, 02141"
A0035,5239 HARMONY AVE,Los Angeles,CA,91601,1997,14,0500,Five or more apartments,LA County eGIS parcels,2026-10-01T22:50Z,Los Angeles,CA,Los Angeles County,34.165618,-118.366516,census_batch,0.85,"Census batch geocoder non_exact match '5239 HARMONY AVE, NORTH HOLLYWOOD, CA, 91601'; inside Los Angeles city; USPS name 'North Hollywood' is a neighborhood of Los Angeles, same city rules",Los Angeles city,0644000,San Fernando Valley CCD,"5239 HARMONY AVE, NORTH HOLLYWOOD, CA, 91601"
A0036,33 WARD ST,South Boston,MA,02127,2019,,A/112,APT 7-30 UNITS,Boston Property Assessment FY2026,2026-10-01T22:50Z,Boston,MA,Suffolk County,42.329467,-71.054524,census_batch,0.95,"Census batch geocoder exact match '33 WARD ST, SOUTH BOSTON, MA, 02127'; postal city 'South Boston' is a mailing name, legal city is Boston (Boston city)",Boston city,2507000,Boston city,"33 WARD ST, SOUTH BOSTON, MA, 02127"
A0037,770 IROLO ST,Los Angeles,CA,90005,2001,47,0500,Five or more apartments,LA County eGIS parcels,2026-10-01T22:50Z,Los Angeles,CA,Los Angeles County,34.058303,-118.300825,census_batch,0.95,"Census batch geocoder exact match '770 IROLO ST, LOS ANGELES, CA, 90005'; inside Los Angeles city",Los Angeles city,0644000,Los Angeles CCD,"770 IROLO ST, LOS ANGELES, CA, 90005"
A0038,154 YUKON ST,San Francisco,CA,,1908,5,A5,Apartment 5 to 14 Units,DataSF wv5m-vpq2 (2025 roll),2026-10-01T22:50Z,San Francisco,CA,San Francisco County,37.757179,-122.442397,census_batch,0.95,"Census batch geocoder exact match '154 YUKON ST, SAN FRANCISCO, CA, 94114'; inside San Francisco city (consolidated City and County of San Francisco)",San Francisco city,0667000,Western Addition-Buena Vista-Eureka Valley CCD,"154 YUKON ST, SAN FRANCISCO, CA, 94114"
A0039,1 Craigie St,Cambridge,MA,,1910,32,112,>8-UNIT-APT,Cambridge Property Database FY2026 (waa7-ibdu),2026-10-01T22:50Z,Cambridge,MA,Middlesex County,42.37945,-71.125839,census_batch,0.95,"Census batch geocoder exact match '1 CRAIGIE ST, CAMBRIDGE, MA, 02138'; inside Cambridge city",Cambridge city,2511000,Cambridge city,"1 CRAIGIE ST, CAMBRIDGE, MA, 02138"
A0040,69-75 JACKSON ST,Hoboken,NJ,07030,,,4C,3B-7U/4B-24U-G,NJOGIS Parcels & MOD-IV Composite,2026-10-01T22:50Z,Hoboken,NJ,Hudson County,40.738768,-74.041112,census_batch,0.95,"Census batch geocoder exact match '69 JACKSON ST, HOBOKEN, NJ, 07030'; inside Hoboken city",Hoboken city,3432250,Hoboken city,"69 JACKSON ST, HOBOKEN, NJ, 07030"
A0041,122 TIFFANY AV,San Francisco,CA,,1900,15,A5,Apartment 5 to 14 Units,DataSF wv5m-vpq2 (2025 roll),2026-10-01T22:50Z,San Francisco,CA,San Francisco County,37.744991,-122.421406,census_batch,0.95,"Census batch geocoder exact match '122 TIFFANY AVE, SAN FRANCISCO, CA, 94110'; inside San Francisco city (consolidated City and County of San Francisco)",San Francisco city,0667000,Mission-Bernal CCD,"122 TIFFANY AVE, SAN FRANCISCO, CA, 94110"
A0042,320 FORREST ST.,Jersey City,NJ,07304,1912,,4C,2S-B-A-6U,NJOGIS Parcels & MOD-IV Composite,2026-10-01T22:50Z,Jersey City,NJ,Hudson County,40.713202,-74.077362,census_batch,0.95,"Census batch geocoder exact match '320 FORREST ST, JERSEY CITY, NJ, 07304'; inside Jersey City city",Jersey City city,3436000,Jersey City city,"320 FORREST ST, JERSEY CITY, NJ, 07304"
A0043,4 Orchard St,Cambridge,MA,,1920,6,111,4-8-UNIT-APT,Cambridge Property Database FY2026 (waa7-ibdu),2026-10-01T22:50Z,Cambridge,MA,Middlesex County,42.39012,-71.119076,census_batch,0.95,"Census batch geocoder exact match '4 ORCHARD ST, CAMBRIDGE, MA, 02140'; inside Cambridge city",Cambridge city,2511000,Cambridge city,"4 ORCHARD ST, CAMBRIDGE, MA, 02140"
A0044,773-775 SANDFORD AVE,Newark,NJ,11211,,,4C,3SB,NJOGIS Parcels & MOD-IV Composite,2026-10-01T22:50Z,Newark,NJ,Essex County,40.735793,-74.237007,census_batch,0.95,"Census batch geocoder exact match '773 SANDFORD AVE, NEWARK, NJ, 07106'; inside Newark city; source ZIP 11211 is not a Newark ZIP and was ignored",Newark city,3451000,Newark city,"773 SANDFORD AVE, NEWARK, NJ, 07106"
A0045,12829 BRANFORD ST,Los Angeles,CA,91331,1987,65,0501,Five or more apartments,LA County eGIS parcels,2026-10-01T22:50Z,Los Angeles,CA,Los Angeles County,34.241772,-118.41212,census_batch,0.85,"Census batch geocoder non_exact match '12829 BRANFORD ST, PACOIMA, CA, 91331'; inside Los Angeles city; USPS name 'Pacoima' is a neighborhood of Los Angeles, same city rules",Los Angeles city,0644000,San Fernando Valley CCD,"12829 BRANFORD ST, PACOIMA, CA, 91331"
A0046,8-12 Soden St,Cambridge,MA,,1975,44,112,>8-UNIT-APT,Cambridge Property Database FY2026 (waa7-ibdu),2026-10-01T22:50Z,Cambridge,MA,Middlesex County,42.365426,-71.108292,census_batch,0.95,"Census batch geocoder exact match '8 SODEN ST, CAMBRIDGE, MA, 02139'; inside Cambridge city",Cambridge city,2511000,Cambridge city,"8 SODEN ST, CAMBRIDGE, MA, 02139"
A0047,14 RUTGERS AVE.,Jersey City,NJ,07304,1913,,4C,3S-B-D-6U-H,NJOGIS Parcels & MOD-IV Composite,2026-10-01T22:50Z,Jersey City,NJ,Hudson County,40.698117,-74.090866,census_batch,0.85,"Census batch geocoder non_exact match '14 RUTGERS AVE, JERSEY CITY, NJ, 07305'; inside Jersey City city",Jersey City city,3436000,Jersey City city,"14 RUTGERS AVE, JERSEY CITY, NJ, 07305"
A0048,1619 COMMONWEALTH AV,Brighton,MA,02135,1899,,A/112,APT 7-30 UNITS,Boston Property Assessment FY2026,2026-10-01T22:50Z,Boston,MA,Suffolk County,42.343403,-71.143549,census_batch,0.95,"Census batch geocoder exact match '1619 COMMONWEALTH AVE, BRIGHTON, MA, 02135'; postal city 'Brighton' is a mailing name, legal city is Boston (Boston city)",Boston city,2507000,Boston city,"1619 COMMONWEALTH AVE, BRIGHTON, MA, 02135"
A0049,721 CLINTON ST,Hoboken,NJ,07856,,,4C,3S-6U-AFFORDABL,NJOGIS Parcels & MOD-IV Composite,2026-10-01T22:50Z,Hoboken,NJ,Hudson County,40.745799,-74.033058,census_batch,0.95,"Census batch geocoder exact match '721 CLINTON ST, HOBOKEN, NJ, 07030'; inside Hoboken city; source ZIP 07856 is not a Hoboken ZIP and was ignored",Hoboken city,3432250,Hoboken city,"721 CLINTON ST, HOBOKEN, NJ, 07030"
A0050,36 HOFF ST,San Francisco,CA,,1986,49,A15,Apartment 15 Units or more,DataSF wv5m-vpq2 (2025 roll),2026-10-01T22:50Z,San Francisco,CA,San Francisco County,37.764124,-122.420574,census_batch,0.95,"Census batch geocoder exact match '36 HOFF ST, SAN FRANCISCO, CA, 94110'; inside San Francisco city (consolidated City and County of San Francisco)",San Francisco city,0667000,Mission-Bernal CCD,"36 HOFF ST, SAN FRANCISCO, CA, 94110"
A0051,65 OAKLAND AVE.,Jersey City,NJ,07423,,,4C,3S+BT-F-6U,NJOGIS Parcels & MOD-IV Composite,2026-10-01T22:50Z,Jersey City,NJ,Hudson County,40.734681,-74.055437,census_batch,0.95,"Census batch geocoder exact match '65 OAKLAND AVE, JERSEY CITY, NJ, 07306'; inside Jersey City city; source ZIP 07423 is not a Jersey City ZIP and was ignored",Jersey City city,3436000,Jersey City city,"65 OAKLAND AVE, JERSEY CITY, NJ, 07306"
A0052,88 Gardner ST,Allston,MA,02134,1965,,A/112,APT 7-30 UNITS,Boston Property Assessment FY2026,2026-10-01T22:50Z,Boston,MA,Suffolk County,42.353518,-71.125813,census_batch,0.95,"Census batch geocoder exact match '88 GARDNER ST, ALLSTON, MA, 02134'; postal city 'Allston' is a mailing name, legal city is Boston (Boston city)",Boston city,2507000,Boston city,"88 GARDNER ST, ALLSTON, MA, 02134"
A0053,32 Garrison ST,Boston,MA,02116,1990,,A/120,LUXURY APARTMENT,Boston Property Assessment FY2026,2026-10-01T22:50Z,Boston,MA,Suffolk County,42.345891,-71.079447,census_batch,0.95,"Census batch geocoder exact match '32 GARRISON ST, BOSTON, MA, 02116'; inside Boston city",Boston city,2507000,Boston city,"32 GARRISON ST, BOSTON, MA, 02116"
A0054,13 Shetland ST,Roxbury,MA,02119,2020,,A/112,APT 7-30 UNITS,Boston Property Assessment FY2026,2026-10-01T22:50Z,Boston,MA,Suffolk County,42.324986,-71.068028,census_batch,0.95,"Census batch geocoder exact match '13 SHETLAND ST, ROXBURY, MA, 02119'; postal city 'Roxbury' is a mailing name, legal city is Boston (Boston city)",Boston city,2507000,Boston city,"13 SHETLAND ST, ROXBURY, MA, 02119"
A0055,305 10TH AV,San Francisco,CA,,1963,6,A5,Apartment 5 to 14 Units,DataSF wv5m-vpq2 (2025 roll),2026-10-01T22:50Z,San Francisco,CA,San Francisco County,37.782619,-122.468767,census_batch,0.95,"Census batch geocoder exact match '305 10TH AVE, SAN FRANCISCO, CA, 94118'; inside San Francisco city (consolidated City and County of San Francisco)",San Francisco city,0667000,Richmond-Presidio-Marina CCD,"305 10TH AVE, SAN FRANCISCO, CA, 94118"
A0056,41-43 Edgerly RD,Boston,MA,02115,1920,,A/112,APT 7-30 UNITS,Boston Property Assessment FY2026,2026-10-01T22:50Z,Boston,MA,Suffolk County,42.345656,-71.087954,census_batch,0.95,"Census batch geocoder exact match '41 EDGERLY RD, BOSTON, MA, 02115'; inside Boston city",Boston city,2507000,Boston city,"41 EDGERLY RD, BOSTON, MA, 02115"
A0057,57 STONE ST,Newark,NJ,07012,,,4C,4SB,NJOGIS Parcels & MOD-IV Composite,2026-10-01T22:50Z,Newark,NJ,Essex County,40.753432,-74.174377,census_batch,0.95,"Census batch geocoder exact match '57 STONE ST, NEWARK, NJ, 07104'; inside Newark city; source ZIP 07012 is not a Newark ZIP and was ignored",Newark city,3451000,Newark city,"57 STONE ST, NEWARK, NJ, 07104"
A0058,3137 BOSTON AVE,San Diego,CA,92113,,7,14,SANDAG asr_landuse 14-16 (5+ units),SANDAG/SanGIS parcels,2026-10-01T22:50Z,San Diego,CA,San Diego County,32.693818,-117.126888,census_batch,0.95,"Census batch geocoder exact match '3137 BOSTON AVE, SAN DIEGO, CA, 92113'; inside San Diego city",San Diego city,0666000,San Diego CCD,"3137 BOSTON AVE, SAN DIEGO, CA, 92113"
A0059,84-86 WALNUT ST,Newark,NJ,07078,,,4C,1SCB,NJOGIS Parcels & MOD-IV Composite,2026-10-01T22:50Z,Newark,NJ,Essex County,40.729245,-74.170944,census_batch,0.95,"Census batch geocoder exact match '84 WALNUT ST, NEWARK, NJ, 07102'; inside Newark city; source ZIP 07078 is not a Newark ZIP and was ignored",Newark city,3451000,Newark city,"84 WALNUT ST, NEWARK, NJ, 07102"
A0060,5737 WILLOWCREST AVE,Los Angeles,CA,91601,1962,8,0500,Five or more apartments,LA County eGIS parcels,2026-10-01T22:50Z,Los Angeles,CA,Los Angeles County,34.174656,-118.362721,census_batch,0.85,"Census batch geocoder non_exact match '5737 WILLOWCREST AVE, NORTH HOLLYWOOD, CA, 91601'; inside Los Angeles city; USPS name 'North Hollywood' is a neighborhood of Los Angeles, same city rules",Los Angeles city,0644000,San Fernando Valley CCD,"5737 WILLOWCREST AVE, NORTH HOLLYWOOD, CA, 91601"
A0061,106 18TH AV,San Francisco,CA,,1915,5,A5,Apartment 5 to 14 Units,DataSF wv5m-vpq2 (2025 roll),2026-10-01T22:50Z,San Francisco,CA,San Francisco County,37.785919,-122.47756,census_batch,0.95,"Census batch geocoder exact match '106 18TH AVE, SAN FRANCISCO, CA, 94121'; inside San Francisco city (consolidated City and County of San Francisco)",San Francisco city,0667000,Richmond-Presidio-Marina CCD,"106 18TH AVE, SAN FRANCISCO, CA, 94121"
A0062,77 HOFF ST,San Francisco,CA,,1906,6,A5,Apartment 5 to 14 Units,DataSF wv5m-vpq2 (2025 roll),2026-10-01T22:50Z,San Francisco,CA,San Francisco County,37.763766,-122.420396,census_batch,0.95,"Census batch geocoder exact match '77 HOFF ST, SAN FRANCISCO, CA, 94110'; inside San Francisco city (consolidated City and County of San Francisco)",San Francisco city,0667000,Mission-Bernal CCD,"77 HOFF ST, SAN FRANCISCO, CA, 94110"
A0063,11 Cortes ST,Boston,MA,02116,1899,,A/112,APT 7-30 UNITS,Boston Property Assessment FY2026,2026-10-01T22:50Z,Boston,MA,Suffolk County,42.34829,-71.069583,census_batch,0.95,"Census batch geocoder exact match '11 CORTES ST, BOSTON, MA, 02116'; inside Boston city",Boston city,2507000,Boston city,"11 CORTES ST, BOSTON, MA, 02116"
A0064,24-26 Concord Ave,Cambridge,MA,,1890,84,112,>8-UNIT-APT,Cambridge Property Database FY2026 (waa7-ibdu),2026-10-01T22:50Z,Cambridge,MA,Middlesex County,42.379346,-71.125716,census_batch,0.95,"Census batch geocoder exact match '24 CONCORD AVE, CAMBRIDGE, MA, 02138'; inside Cambridge city",Cambridge city,2511000,Cambridge city,"24 CONCORD AVE, CAMBRIDGE, MA, 02138"
A0065,63 Bailey ST,Dorchester,MA,02124,,,A/120,LUXURY APARTMENT,Boston Property Assessment FY2026,2026-10-01T22:50Z,Boston,MA,Suffolk County,42.284452,-71.066465,census_batch,0.95,"Census batch geocoder exact match '63 BAILEY ST, DORCHESTER, MA, 02124'; postal city 'Dorchester' is a mailing name, legal city is Boston (Boston city)",Boston city,2507000,Boston city,"63 BAILEY ST, DORCHESTER, MA, 02124"
A0066,1318 N ORANGE DR,Los Angeles,CA,90028,1988,36,0500,Five or more apartments,LA County eGIS parcels,2026-10-01T22:50Z,Los Angeles,CA,Los Angeles County,34.094702,-118.341484,census_batch,0.95,"Census batch geocoder exact match '1318 N ORANGE DR, LOS ANGELES, CA, 90028'; inside Los Angeles city",Los Angeles city,0644000,Los Angeles CCD,"1318 N ORANGE DR, LOS ANGELES, CA, 90028"
A0067,1335 N VISTA ST,Los Angeles,CA,90046,1954,8,0500,Five or more apartments,LA County eGIS parcels,2026-10-01T22:50Z,Los Angeles,CA,Los Angeles County,34.095046,-118.351799,census_batch,0.95,"Census batch geocoder exact match '1335 N VISTA ST, LOS ANGELES, CA, 90046'; inside Los Angeles city",Los Angeles city,0644000,Los Angeles CCD,"1335 N VISTA ST, LOS ANGELES, CA, 90046"
A0068,40-42 Clearway ST,Boston,MA,02115,1920,,A/112,APT 7-30 UNITS,Boston Property Assessment FY2026,2026-10-01T22:50Z,Boston,MA,Suffolk County,42.345344,-71.085818,census_batch,0.95,"Census batch geocoder exact match '40 CLEARWAY ST, BOSTON, MA, 02115'; inside Boston city",Boston city,2507000,Boston city,"40 CLEARWAY ST, BOSTON, MA, 02115"
A0069,2277 UNION ST,San Francisco,CA,,1900,7,FS5,Flat & Store 5 to 14 units,DataSF wv5m-vpq2 (2025 roll),2026-10-01T22:50Z,San Francisco,CA,San Francisco County,37.796875,-122.436717,census_batch,0.95,"Census batch geocoder exact match '2277 UNION ST, SAN FRANCISCO, CA, 94123'; inside San Francisco city (consolidated City and County of San Francisco)",San Francisco city,0667000,Richmond-Presidio-Marina CCD,"2277 UNION ST, SAN FRANCISCO, CA, 94123"
A0070,43 Fayette St,Cambridge,MA,,1910,7,111,4-8-UNIT-APT,Cambridge Property Database FY2026 (waa7-ibdu),2026-10-01T22:50Z,Cambridge,MA,Middlesex County,42.372612,-71.103268,census_batch,0.95,"Census batch geocoder exact match '43 FAYETTE ST, CAMBRIDGE, MA, 02139'; inside Cambridge city",Cambridge city,2511000,Cambridge city,"43 FAYETTE ST, CAMBRIDGE, MA, 02139"
A0071,14.5-16 Vandine St,Cambridge,MA,,1900,5,111,4-8-UNIT-APT,Cambridge Property Database FY2026 (waa7-ibdu),2026-10-01T22:50Z,Cambridge,MA,Middlesex County,42.368814,-71.090595,census_batch,0.85,"Census batch geocoder non_exact match '16 VANDINE ST, CAMBRIDGE, MA, 02141'; inside Cambridge city",Cambridge city,2511000,Cambridge city,"16 VANDINE ST, CAMBRIDGE, MA, 02141"
A0072,1251 10TH AV,San Francisco,CA,,1973,6,A5,Apartment 5 to 14 Units,DataSF wv5m-vpq2 (2025 roll),2026-10-01T22:50Z,San Francisco,CA,San Francisco County,37.764891,-122.46752,census_batch,0.95,"Census batch geocoder exact match '1251 10TH AVE, SAN FRANCISCO, CA, 94122'; inside San Francisco city (consolidated City and County of San Francisco)",San Francisco city,0667000,Sunset CCD,"1251 10TH AVE, SAN FRANCISCO, CA, 94122"
A0073,35-37 Inman St,Cambridge,MA,,1900,6,111,4-8-UNIT-APT,Cambridge Property Database FY2026 (waa7-ibdu),2026-10-01T22:50Z,Cambridge,MA,Middlesex County,42.368592,-71.10404,census_batch,0.95,"Census batch geocoder exact match '35 INMAN ST, CAMBRIDGE, MA, 02139'; inside Cambridge city",Cambridge city,2511000,Cambridge city,"35 INMAN ST, CAMBRIDGE, MA, 02139"
A0074,717 S BERENDO ST,Los Angeles,CA,90005,1963,34,0500,Five or more apartments,LA County eGIS parcels,2026-10-01T22:50Z,Los Angeles,CA,Los Angeles County,34.059391,-118.29421,census_batch,0.95,"Census batch geocoder exact match '717 S BERENDO ST, LOS ANGELES, CA, 90005'; inside Los Angeles city",Los Angeles city,0644000,Los Angeles CCD,"717 S BERENDO ST, LOS ANGELES, CA, 90005"
A0075,27 Everett St,Cambridge,MA,,1880,10,112,>8-UNIT-APT,Cambridge Property Database FY2026 (waa7-ibdu),2026-10-01T22:50Z,Cambridge,MA,Middlesex County,42.379923,-71.117508,census_batch,0.95,"Census batch geocoder exact match '27 EVERETT ST, CAMBRIDGE, MA, 02138'; inside Cambridge city",Cambridge city,2511000,Cambridge city,"27 EVERETT ST, CAMBRIDGE, MA, 02138"
A0076,304 E KINNEY ST,Newark,NJ,07033,,,4C,3SB2UG,NJOGIS Parcels & MOD-IV Composite,2026-10-01T22:50Z,Newark,NJ,Essex County,40.724076,-74.162836,census_batch,0.95,"Census batch geocoder exact match '304 E KINNEY ST, NEWARK, NJ, 07105'; inside Newark city; source ZIP 07033 is not a Newark ZIP and was ignored",Newark city,3451000,Newark city,"304 E KINNEY ST, NEWARK, NJ, 07105"
A0077,91 Brookline St,Cambridge,MA,,1902,6,111,4-8-UNIT-APT,Cambridge Property Database FY2026 (waa7-ibdu),2026-10-01T22:50Z,Cambridge,MA,Middlesex County,42.361566,-71.103733,census_batch,0.95,"Census batch geocoder exact match '91 BROOKLINE ST, CAMBRIDGE, MA, 02139'; inside Cambridge city",Cambridge city,2511000,Cambridge city,"91 BROOKLINE ST, CAMBRIDGE, MA, 02139"
A0078,115 BAYVIEW AVE.,Jersey City,NJ,07304,,,4C,4S-B-A-16U-H,NJOGIS Parcels & MOD-IV Composite,2026-10-01T22:50Z,Jersey City,NJ,Hudson County,40.705325,-74.080499,census_batch,0.85,"Census batch geocoder non_exact match '115 BAYVIEW AVE, JERSEY CITY, NJ, 07305'; inside Jersey City city",Jersey City city,3436000,Jersey City city,"115 BAYVIEW AVE, JERSEY CITY, NJ, 07305"
A0079,2361 PORTLAND ST,Los Angeles,CA,90007,1912,9,0500,Five or more apartments,LA County eGIS parcels,2026-10-01T22:50Z,Los Angeles,CA,Los Angeles County,34.032232,-118.282094,census_batch,0.95,"Census batch geocoder exact match '2361 PORTLAND ST, LOS ANGELES, CA, 90007'; inside Los Angeles city",Los Angeles city,0644000,Los Angeles CCD,"2361 PORTLAND ST, LOS ANGELES, CA, 90007"
A0080,690 S CATALINA ST,Los Angeles,CA,90005,2002,90,0500,Five or more apartments,LA County eGIS parcels,2026-10-01T22:50Z,Los Angeles,CA,Los Angeles County,34.060128,-118.295328,census_batch,0.95,"Census batch geocoder exact match '690 S CATALINA ST, LOS ANGELES, CA, 90005'; inside Los Angeles city",Los Angeles city,0644000,Los Angeles CCD,"690 S CATALINA ST, LOS ANGELES, CA, 90005"
A0081,145 TAYLOR ST,San Francisco,CA,,2005,69,A15,Apartment 15 Units or more,DataSF wv5m-vpq2 (2025 roll),2026-10-01T22:50Z,San Francisco,CA,San Francisco County,37.783759,-122.410948,census_batch,0.95,"Census batch geocoder exact match '145 TAYLOR ST, SAN FRANCISCO, CA, 94102'; inside San Francisco city (consolidated City and County of San Francisco)",San Francisco city,0667000,Downtown-Northeast Neighborhoods-Treasure Island CCD,"145 TAYLOR ST, SAN FRANCISCO, CA, 94102"
A0082,63 Inman St,Cambridge,MA,,1880,16,112,>8-UNIT-APT,Cambridge Property Database FY2026 (waa7-ibdu),2026-10-01T22:50Z,Cambridge,MA,Middlesex County,42.370344,-71.102833,census_batch,0.95,"Census batch geocoder exact match '63 INMAN ST, CAMBRIDGE, MA, 02139'; inside Cambridge city",Cambridge city,2511000,Cambridge city,"63 INMAN ST, CAMBRIDGE, MA, 02139"
A0083,38 KENILWORTH ST,Roxbury,MA,02119,1890,,A/125,SUBSD HOUSING S- 8,Boston Property Assessment FY2026,2026-10-01T22:50Z,Boston,MA,Suffolk County,42.328652,-71.087425,census_batch,0.95,"Census batch geocoder exact match '38 KENILWORTH ST, ROXBURY, MA, 02119'; postal city 'Roxbury' is a mailing name, legal city is Boston (Boston city)",Boston city,2507000,Boston city,"38 KENILWORTH ST, ROXBURY, MA, 02119"
A0084,1725 CHESTNUT ST,San Francisco,CA,,1908,5,A5,Apartment 5 to 14 Units,DataSF wv5m-vpq2 (2025 roll),2026-10-01T22:50Z,San Francisco,CA,San Francisco County,37.801333,-122.431739,census_batch,0.95,"Census batch geocoder exact match '1725 CHESTNUT ST, SAN FRANCISCO, CA, 94123'; inside San Francisco city (consolidated City and County of San Francisco)",San Francisco city,0667000,Richmond-Presidio-Marina CCD,"1725 CHESTNUT ST, SAN FRANCISCO, CA, 94123"
A0085,1101 CHURCH ST,San Francisco,CA,,1926,6,A5,Apartment 5 to 14 Units,DataSF wv5m-vpq2 (2025 roll),2026-10-01T22:50Z,San Francisco,CA,San Francisco County,37.753239,-122.427505,census_batch,0.95,"Census batch geocoder exact match '1101 CHURCH ST, SAN FRANCISCO, CA, 94114'; inside San Francisco city (consolidated City and County of San Francisco)",San Francisco city,0667000,Western Addition-Buena Vista-Eureka Valley CCD,"1101 CHURCH ST, SAN FRANCISCO, CA, 94114"
A0086,67 Plymouth St,Cambridge,MA,,1837,5,111,4-8-UNIT-APT,Cambridge Property Database FY2026 (waa7-ibdu),2026-10-01T22:50Z,Cambridge,MA,Middlesex County,42.369083,-71.093496,census_batch,0.95,"Census batch geocoder exact match '67 PLYMOUTH ST, CAMBRIDGE, MA, 02141'; inside Cambridge city",Cambridge city,2511000,Cambridge city,"67 PLYMOUTH ST, CAMBRIDGE, MA, 02141"
A0087,323 BLOOMFIELD ST,Hoboken,NJ,07504,,,4C,"2,4B-16U-H-X",NJOGIS Parcels & MOD-IV Composite,2026-10-01T22:50Z,Hoboken,NJ,Hudson County,40.740415,-74.030768,census_batch,0.95,"Census batch geocoder exact match '323 BLOOMFIELD ST, HOBOKEN, NJ, 07030'; inside Hoboken city; source ZIP 07504 is not a Hoboken ZIP and was ignored",Hoboken city,3432250,Hoboken city,"323 BLOOMFIELD ST, HOBOKEN, NJ, 07030"
A0088,201 CLEMENT ST,San Francisco,CA,,1908,9,FS5,Flat & Store 5 to 14 units,DataSF wv5m-vpq2 (2025 roll),2026-10-01T22:50Z,San Francisco,CA,San Francisco County,37.783027,-122.461275,census_batch,0.95,"Census batch geocoder exact match '201 CLEMENT ST, SAN FRANCISCO, CA, 94118'; inside San Francisco city (consolidated City and County of San Francisco)",San Francisco city,0667000,Richmond-Presidio-Marina CCD,"201 CLEMENT ST, SAN FRANCISCO, CA, 94118"
A0089,935 PARK AVE,Hoboken,NJ,07030,,,4C,5B-10U-H-BA,NJOGIS Parcels & MOD-IV Composite,2026-10-01T22:50Z,Hoboken,NJ,Hudson County,40.748212,-74.030368,census_batch,0.95,"Census batch geocoder exact match '935 PARK AVE, HOBOKEN, NJ, 07030'; inside Hoboken city",Hoboken city,3432250,Hoboken city,"935 PARK AVE, HOBOKEN, NJ, 07030"
A0090,30 JACKSON ST,Newark,NJ,07105,,,4C,3S.F.,NJOGIS Parcels & MOD-IV Composite,2026-10-01T22:50Z,Newark,NJ,Essex County,40.731205,-74.155788,census_batch,0.95,"Census batch geocoder exact match '30 JACKSON ST, NEWARK, NJ, 07105'; inside Newark city",Newark city,3451000,Newark city,"30 JACKSON ST, NEWARK, NJ, 07105"
A0091,2229 DWIGHT WAY,Berkeley,CA,94704,,,7700,Alameda County use code (5+ units),Alameda County parcels,2026-10-01T22:50Z,Berkeley,CA,Alameda County,37.864405,-122.264605,census_batch,0.95,"Census batch geocoder exact match '2229 DWIGHT WAY, BERKELEY, CA, 94704'; inside Berkeley city",Berkeley city,0606000,Berkeley CCD,"2229 DWIGHT WAY, BERKELEY, CA, 94704"
A0092,2514 PIEDMONT AVE,Berkeley,CA,94704,,,7700,Alameda County use code (5+ units),Alameda County parcels,2026-10-01T22:50Z,Berkeley,CA,Alameda County,37.865583,-122.251697,census_batch,0.95,"Census batch geocoder exact match '2514 PIEDMONT AVE, BERKELEY, CA, 94704'; inside Berkeley city",Berkeley city,0606000,Berkeley CCD,"2514 PIEDMONT AVE, BERKELEY, CA, 94704"
A0093,90 BICKFORD ST,Jamaica Plain,MA,02130,2004,,A/118,ELDERLY HOME,Boston Property Assessment FY2026,2026-10-01T22:50Z,Boston,MA,Suffolk County,42.324003,-71.101924,census_batch,0.95,"Census batch geocoder exact match '90 BICKFORD ST, JAMAICA PLAIN, MA, 02130'; postal city 'Jamaica Plain' is a mailing name, legal city is Boston (Boston city)",Boston city,2507000,Boston city,"90 BICKFORD ST, JAMAICA PLAIN, MA, 02130"
A0094,1371 27TH ST,San Diego,CA,92154,,88,16,SANDAG asr_landuse 14-16 (5+ units),SANDAG/SanGIS parcels,2026-10-01T22:50Z,San Diego,CA,San Diego County,32.571862,-117.075371,census_batch,0.95,"Census batch geocoder exact match '1371 27TH ST, SAN DIEGO, CA, 92154'; inside San Diego city",San Diego city,0666000,San Diego CCD,"1371 27TH ST, SAN DIEGO, CA, 92154"
A0095,23 Elm St,Cambridge,MA,,1900,6,111,4-8-UNIT-APT,Cambridge Property Database FY2026 (waa7-ibdu),2026-10-01T22:50Z,Cambridge,MA,Middlesex County,42.367846,-71.098495,census_batch,0.95,"Census batch geocoder exact match '23 ELM ST, CAMBRIDGE, MA, 02139'; inside Cambridge city",Cambridge city,2511000,Cambridge city,"23 ELM ST, CAMBRIDGE, MA, 02139"
A0096,81 WESTLAND AV,Boston,MA,02115,1910,,A/125,SUBSD HOUSING S- 8,Boston Property Assessment FY2026,2026-10-01T22:50Z,Boston,MA,Suffolk County,42.343854,-71.089158,census_batch,0.95,"Census batch geocoder exact match '81 WESTLAND AVE, BOSTON, MA, 02115'; inside Boston city",Boston city,2507000,Boston city,"81 WESTLAND AVE, BOSTON, MA, 02115"
A0097,1560 MASON ST,San Francisco,CA,,1907,8,FS5,Flat & Store 5 to 14 units,DataSF wv5m-vpq2 (2025 roll),2026-10-01T22:50Z,San Francisco,CA,San Francisco County,37.797805,-122.41195,census_batch,0.95,"Census batch geocoder exact match '1560 MASON ST, SAN FRANCISCO, CA, 94133'; inside San Francisco city (consolidated City and County of San Francisco)",San Francisco city,0667000,Downtown-Northeast Neighborhoods-Treasure Island CCD,"1560 MASON ST, SAN FRANCISCO, CA, 94133"
A0098,WILLOWWOOD ST,Dorchester,MA,02124,,,A/125,SUBSD HOUSING S- 8,Boston Property Assessment FY2026,2026-10-01T22:50Z,Boston,MA,Suffolk County,42.284513,-71.086215,osm_street_level+census_coords,0.55,"source record has no house number; OpenStreetMap street-level point 'Willowwood Street, Dorchester, Boston, Suffolk County, Massachusetts, 02126, United States' used, place from Census coordinates (street could cross a city line: check); postal city 'Dorchester' is a mailing name, legal city is Boston (Boston city)",Boston city,2507000,Boston city,"Willowwood Street, Dorchester, Boston, Suffolk County, Massachusetts, 02126, United States"
A0099,822 WASHINGTON ST,Hoboken,NJ,07458,,,4C,4B-5U-H-BA,NJOGIS Parcels & MOD-IV Composite,2026-10-01T22:50Z,Hoboken,NJ,Hudson County,40.746309,-74.028271,census_batch,0.95,"Census batch geocoder exact match '822 WASHINGTON ST, HOBOKEN, NJ, 07030'; inside Hoboken city; source ZIP 07458 is not a Hoboken ZIP and was ignored",Hoboken city,3432250,Hoboken city,"822 WASHINGTON ST, HOBOKEN, NJ, 07030"
A0100,4732 BANCROFT ST,San Diego,CA,92116,,7,14,SANDAG asr_landuse 14-16 (5+ units),SANDAG/SanGIS parcels,2026-10-01T22:50Z,San Diego,CA,San Diego County,32.764095,-117.123978,census_batch,0.95,"Census batch geocoder exact match '4732 BANCROFT ST, SAN DIEGO, CA, 92116'; inside San Diego city",San Diego city,0666000,San Diego CCD,"4732 BANCROFT ST, SAN DIEGO, CA, 92116"
A0101,315-319 FAIRMOUNT AVENUE,Jersey City,NJ,07039,,,4C,2-4S-B-A-26U-H,NJOGIS Parcels & MOD-IV Composite,2026-10-01T22:50Z,Jersey City,NJ,Hudson County,40.725166,-74.070646,census_batch,0.95,"Census batch geocoder exact match '315 FAIRMOUNT AVE, JERSEY CITY, NJ, 07306'; inside Jersey City city; source ZIP 07039 is not a Jersey City ZIP and was ignored",Jersey City city,3436000,Jersey City city,"315 FAIRMOUNT AVE, JERSEY CITY, NJ, 07306"
A0102,124 BLOOMFIELD ST,Hoboken,NJ,10003,,,4C,4B-5U-H-BA,NJOGIS Parcels & MOD-IV Composite,2026-10-01T22:50Z,Hoboken,NJ,Hudson County,40.737933,-74.031685,census_batch,0.95,"Census batch geocoder exact match '124 BLOOMFIELD ST, HOBOKEN, NJ, 07030'; inside Hoboken city; source ZIP 10003 is not a Hoboken ZIP and was ignored",Hoboken city,3432250,Hoboken city,"124 BLOOMFIELD ST, HOBOKEN, NJ, 07030"
A0103,2161 ALLSTON WAY,Berkeley,CA,94704,,,7700,Alameda County use code (5+ units),Alameda County parcels,2026-10-01T22:50Z,Berkeley,CA,Alameda County,37.869702,-122.266219,census_batch,0.95,"Census batch geocoder exact match '2161 ALLSTON WAY, BERKELEY, CA, 94704'; inside Berkeley city",Berkeley city,0606000,Berkeley CCD,"2161 ALLSTON WAY, BERKELEY, CA, 94704"
A0104,409 5TH ST,Newark,NJ,07012,,,4C,3SB,NJOGIS Parcels & MOD-IV Composite,2026-10-01T22:50Z,Newark,NJ,Essex County,40.761814,-74.184329,census_batch,0.85,"Census batch geocoder non_exact match '409 N 5TH ST, NEWARK, NJ, 07107'; inside Newark city; source ZIP 07012 is not a Newark ZIP and was ignored",Newark city,3451000,Newark city,"409 N 5TH ST, NEWARK, NJ, 07107"
A0105,140 PORTOLA DR,San Francisco,CA,,2019,7,A5,Apartment 5 to 14 Units,DataSF wv5m-vpq2 (2025 roll),2026-10-01T22:50Z,San Francisco,CA,San Francisco County,37.748652,-122.444191,census_batch,0.95,"Census batch geocoder exact match '140 PORTOLA DR, SAN FRANCISCO, CA, 94131'; inside San Francisco city (consolidated City and County of San Francisco)",San Francisco city,0667000,Western Addition-Buena Vista-Eureka Valley CCD,"140 PORTOLA DR, SAN FRANCISCO, CA, 94131"
A0106,250 FREMONT ST,San Francisco,CA,,,60,A15,Apartment 15 Units or more,DataSF wv5m-vpq2 (2025 roll),2026-10-01T22:50Z,San Francisco,CA,San Francisco County,37.788295,-122.394074,census_batch,0.95,"Census batch geocoder exact match '250 FREMONT ST, SAN FRANCISCO, CA, 94105'; inside San Francisco city (consolidated City and County of San Francisco)",San Francisco city,0667000,SoMa-Potrero-Mission Bay CCD,"250 FREMONT ST, SAN FRANCISCO, CA, 94105"
A0107,10635 SHERMAN GROVE AVE,Los Angeles,CA,91040,1978,20,0500,Five or more apartments,LA County eGIS parcels,2026-10-01T22:50Z,Los Angeles,CA,Los Angeles County,34.262256,-118.320177,census_batch,0.85,"Census batch geocoder non_exact match '10635 SHERMAN GROVE AVE, SUNLAND, CA, 91040'; inside Los Angeles city; USPS name 'Sunland' is a neighborhood of Los Angeles, same city rules",Los Angeles city,0644000,San Fernando Valley CCD,"10635 SHERMAN GROVE AVE, SUNLAND, CA, 91040"
A0108,13 JEFFERSON AVE.,Jersey City,NJ,07030,,,4C,3S-B-D-6U-H,NJOGIS Parcels & MOD-IV Composite,2026-10-01T22:50Z,Jersey City,NJ,Hudson County,40.736287,-74.04997,census_batch,0.95,"Census batch geocoder exact match '13 JEFFERSON AVE, JERSEY CITY, NJ, 07306'; inside Jersey City city; source ZIP 07030 is not a Jersey City ZIP and was ignored",Jersey City city,3436000,Jersey City city,"13 JEFFERSON AVE, JERSEY CITY, NJ, 07306"
A0109,2922 OTIS ST,Berkeley,CA,94703,,,7700,Alameda County use code (5+ units),Alameda County parcels,2026-10-01T22:50Z,Berkeley,CA,Alameda County,37.855835,-122.27027,census_batch,0.95,"Census batch geocoder exact match '2922 OTIS ST, BERKELEY, CA, 94703'; inside Berkeley city",Berkeley city,0606000,Berkeley CCD,"2922 OTIS ST, BERKELEY, CA, 94703"
A0110,130-132 2ND AVE,Newark,NJ,07055,,,4C,3SF,NJOGIS Parcels & MOD-IV Composite,2026-10-01T22:50Z,Newark,NJ,Essex County,40.763265,-74.174745,census_batch,0.85,"Census batch geocoder non_exact match '132 2ND AVE, NEWARK, NJ, 07104'; inside Newark city; source ZIP 07055 is not a Newark ZIP and was ignored",Newark city,3451000,Newark city,"132 2ND AVE, NEWARK, NJ, 07104"
A0111,10075 TUJUNGA CANYON BLVD,Los Angeles,CA,91042,1984,40,0500,Five or more apartments,LA County eGIS parcels,2026-10-01T22:50Z,Los Angeles,CA,Los Angeles County,34.249924,-118.28443,census_batch,0.85,"Census batch geocoder non_exact match '10075 TUJUNGA CANYON BLVD, TUJUNGA, CA, 91042'; inside Los Angeles city; USPS name 'Tujunga' is a neighborhood of Los Angeles, same city rules",Los Angeles city,0644000,San Fernando Valley CCD,"10075 TUJUNGA CANYON BLVD, TUJUNGA, CA, 91042"
A0112,448 BRODERICK ST,San Francisco,CA,,1905,9,A5,Apartment 5 to 14 Units,DataSF wv5m-vpq2 (2025 roll),2026-10-01T22:50Z,San Francisco,CA,San Francisco County,37.774313,-122.439298,census_batch,0.95,"Census batch geocoder exact match '448 BRODERICK ST, SAN FRANCISCO, CA, 94117'; inside San Francisco city (consolidated City and County of San Francisco)",San Francisco city,0667000,Western Addition-Buena Vista-Eureka Valley CCD,"448 BRODERICK ST, SAN FRANCISCO, CA, 94117"
A0113,3151 ETON AVE,Berkeley,CA,94705,,,7700,Alameda County use code (5+ units),Alameda County parcels,2026-10-01T22:50Z,Berkeley,CA,Alameda County,37.853157,-122.250638,census_batch,0.95,"Census batch geocoder exact match '3151 ETON AVE, BERKELEY, CA, 94705'; inside Berkeley city",Berkeley city,0606000,Berkeley CCD,"3151 ETON AVE, BERKELEY, CA, 94705"
A0114,3743 INDIA ST,San Diego,CA,92103,,6,14,SANDAG asr_landuse 14-16 (5+ units),SANDAG/SanGIS parcels,2026-10-01T22:50Z,San Diego,CA,San Diego County,32.74279,-117.180736,census_batch,0.95,"Census batch geocoder exact match '3743 INDIA ST, SAN DIEGO, CA, 92103'; inside San Diego city",San Diego city,0666000,San Diego CCD,"3743 INDIA ST, SAN DIEGO, CA, 92103"
A0115,397 05TH AV,San Francisco,CA,,1900,6,FS5,Flat & Store 5 to 14 units,DataSF wv5m-vpq2 (2025 roll),2026-10-01T22:50Z,San Francisco,CA,San Francisco County,37.781236,-122.463296,census_batch,0.95,"Census batch geocoder exact match '397 5TH AVE, SAN FRANCISCO, CA, 94118'; inside San Francisco city (consolidated City and County of San Francisco)",San Francisco city,0667000,Richmond-Presidio-Marina CCD,"397 5TH AVE, SAN FRANCISCO, CA, 94118"
A0116,36 PROSPECT ST.,Jersey City,NJ,07111,1923,,4C,3S-F-D-6U-H,NJOGIS Parcels & MOD-IV Composite,2026-10-01T22:50Z,Jersey City,NJ,Hudson County,40.73783,-74.049245,census_batch,0.95,"Census batch geocoder exact match '36 PROSPECT ST, JERSEY CITY, NJ, 07307'; inside Jersey City city; source ZIP 07111 is not a Jersey City ZIP and was ignored",Jersey City city,3436000,Jersey City city,"36 PROSPECT ST, JERSEY CITY, NJ, 07307"
A0117,1733 N CHEROKEE AVE,Los Angeles,CA,90028,1924,40,0500,Five or more apartments,LA County eGIS parcels,2026-10-01T22:50Z,Los Angeles,CA,Los Angeles County,34.102121,-118.334821,census_batch,0.95,"Census batch geocoder exact match '1733 N CHEROKEE AVE, LOS ANGELES, CA, 90028'; inside Los Angeles city",Los Angeles city,0644000,Los Angeles CCD,"1733 N CHEROKEE AVE, LOS ANGELES, CA, 90028"
A0118,18-34 KINGBIRD RD,Dorchester,MA,02124,2009,,A/125,SUBSD HOUSING S- 8,Boston Property Assessment FY2026,2026-10-01T22:50Z,Boston,MA,Suffolk County,42.292394,-71.093614,census_batch,0.95,"Census batch geocoder exact match '18 KINGBIRD RD, DORCHESTER, MA, 02124'; postal city 'Dorchester' is a mailing name, legal city is Boston (Boston city)",Boston city,2507000,Boston city,"18 KINGBIRD RD, DORCHESTER, MA, 02124"
A0119,607 ADAMS ST,Hoboken,NJ,07030,,,4C,2F-4U/2F-2U,NJOGIS Parcels & MOD-IV Composite,2026-10-01T22:50Z,Hoboken,NJ,Hudson County,40.744671,-74.035368,census_batch,0.95,"Census batch geocoder exact match '607 ADAMS ST, HOBOKEN, NJ, 07030'; inside Hoboken city",Hoboken city,3432250,Hoboken city,"607 ADAMS ST, HOBOKEN, NJ, 07030"
A0120,139 ELM ST,Newark,NJ,07105,,,4C,3SF,NJOGIS Parcels & MOD-IV Composite,2026-10-01T22:50Z,Newark,NJ,Essex County,40.728352,-74.165047,census_batch,0.95,"Census batch geocoder exact match '139 ELM ST, NEWARK, NJ, 07105'; inside Newark city",Newark city,3451000,Newark city,"139 ELM ST, NEWARK, NJ, 07105"
A0121,4079 FRONT ST,San Diego,CA,92103,,22,15,SANDAG asr_landuse 14-16 (5+ units),SANDAG/SanGIS parcels,2026-10-01T22:50Z,San Diego,CA,San Diego County,32.751422,-117.164945,census_batch,0.95,"Census batch geocoder exact match '4079 FRONT ST, SAN DIEGO, CA, 92103'; inside San Diego city",San Diego city,0666000,San Diego CCD,"4079 FRONT ST, SAN DIEGO, CA, 92103"
A0122,4812 S BROADWAY,Los Angeles,CA,90037,1909,8,0500,Five or more apartments,LA County eGIS parcels,2026-10-01T22:50Z,Los Angeles,CA,Los Angeles County,33.99902,-118.278252,census_batch,0.95,"Census batch geocoder exact match '4812 S BROADWAY, LOS ANGELES, CA, 90037'; inside Los Angeles city",Los Angeles city,0644000,Los Angeles CCD,"4812 S BROADWAY, LOS ANGELES, CA, 90037"
A0123,123 Condor ST,East Boston,MA,02128,2013,,A/125,SUBSD HOUSING S- 8,Boston Property Assessment FY2026,2026-10-01T22:50Z,Boston,MA,Suffolk County,42.382539,-71.035437,census_batch,0.95,"Census batch geocoder exact match '123 CONDOR ST, EAST BOSTON, MA, 02128'; postal city 'East Boston' is a mailing name, legal city is Boston (Boston city)",Boston city,2507000,Boston city,"123 CONDOR ST, EAST BOSTON, MA, 02128"
A0124,33-35 Brookline St,Cambridge,MA,,1929,16,112,>8-UNIT-APT,Cambridge Property Database FY2026 (waa7-ibdu),2026-10-01T22:50Z,Cambridge,MA,Middlesex County,42.36301,-71.102397,census_batch,0.95,"Census batch geocoder exact match '33 BROOKLINE ST, CAMBRIDGE, MA, 02139'; inside Cambridge city",Cambridge city,2511000,Cambridge city,"33 BROOKLINE ST, CAMBRIDGE, MA, 02139"
A0125,227 GRAND ST,Hoboken,NJ,07030,,,4C,5B-5U-H-(CO-OP),NJOGIS Parcels & MOD-IV Composite,2026-10-01T22:50Z,Hoboken,NJ,Hudson County,40.74002,-74.035815,census_batch,0.95,"Census batch geocoder exact match '227 GRAND ST, HOBOKEN, NJ, 07030'; inside Hoboken city",Hoboken city,3432250,Hoboken city,"227 GRAND ST, HOBOKEN, NJ, 07030"
A0126,1350 POTRERO AV,San Francisco,CA,,1927,8,A5,Apartment 5 to 14 Units,DataSF wv5m-vpq2 (2025 roll),2026-10-01T22:50Z,San Francisco,CA,San Francisco County,37.750954,-122.40625,census_batch,0.95,"Census batch geocoder exact match '1350 POTRERO AVE, SAN FRANCISCO, CA, 94110'; inside San Francisco city (consolidated City and County of San Francisco)",San Francisco city,0667000,Mission-Bernal CCD,"1350 POTRERO AVE, SAN FRANCISCO, CA, 94110"
A0127,10029 SEPULVEDA BLVD,Los Angeles,CA,91345,1964,5,050C,Five or more apartments,LA County eGIS parcels,2026-10-01T22:50Z,Los Angeles,CA,Los Angeles County,34.252367,-118.467597,census_batch,0.85,"Census batch geocoder non_exact match '10029 N SEPULVEDA BLVD, MISSION HILLS, CA, 91345'; inside Los Angeles city; USPS name 'Mission Hills' is a neighborhood of Los Angeles, same city rules",Los Angeles city,0644000,San Fernando Valley CCD,"10029 N SEPULVEDA BLVD, MISSION HILLS, CA, 91345"
A0128,Harvard ST,Dorchester,MA,02124,,,A/125,SUBSD HOUSING S- 8,Boston Property Assessment FY2026,2026-10-01T22:50Z,Boston,MA,Suffolk County,42.287743,-71.093749,osm_street_level+census_coords,0.55,"source record has no house number; OpenStreetMap street-level point 'Harvard Street, Dorchester, Boston, Suffolk County, Massachusetts, 02126, United States' used, place from Census coordinates (street could cross a city line: check); postal city 'Dorchester' is a mailing name, legal city is Boston (Boston city)",Boston city,2507000,Boston city,"Harvard Street, Dorchester, Boston, Suffolk County, Massachusetts, 02126, United States"
A0129,526-532 MULBERRY ST,Newark,NJ,07039,,,4C,3SB1UG,NJOGIS Parcels & MOD-IV Composite,2026-10-01T22:50Z,Newark,NJ,Essex County,40.719807,-74.176833,census_batch,0.95,"Census batch geocoder exact match '526 MULBERRY ST, NEWARK, NJ, 07114'; inside Newark city; source ZIP 07039 is not a Newark ZIP and was ignored",Newark city,3451000,Newark city,"526 MULBERRY ST, NEWARK, NJ, 07114"
A0130,554 MARKET ST,Newark,NJ,07205,,,4C,3S.B.,NJOGIS Parcels & MOD-IV Composite,2026-10-01T22:50Z,Newark,NJ,Essex County,40.731588,-74.154427,census_batch,0.95,"Census batch geocoder exact match '554 MARKET ST, NEWARK, NJ, 07105'; inside Newark city; source ZIP 07205 is not a Newark ZIP and was ignored",Newark city,3451000,Newark city,"554 MARKET ST, NEWARK, NJ, 07105"
A0131,43 POPLAR ST.,Jersey City,NJ,07307,1900,,4C,3S-F-D-6U,NJOGIS Parcels & MOD-IV Composite,2026-10-01T22:50Z,Jersey City,NJ,Hudson County,40.754136,-74.046101,census_batch,0.95,"Census batch geocoder exact match '43 POPLAR ST, JERSEY CITY, NJ, 07307'; inside Jersey City city",Jersey City city,3436000,Jersey City city,"43 POPLAR ST, JERSEY CITY, NJ, 07307"
A0132,587 N 6TH ST,Newark,NJ,11205,,,4C,3SB,NJOGIS Parcels & MOD-IV Composite,2026-10-01T22:50Z,Newark,NJ,Essex County,40.769348,-74.181411,census_batch,0.95,"Census batch geocoder exact match '587 N 6TH ST, NEWARK, NJ, 07107'; inside Newark city; source ZIP 11205 is not a Newark ZIP and was ignored",Newark city,3451000,Newark city,"587 N 6TH ST, NEWARK, NJ, 07107"
A0133,8819 LANKERSHIM BLVD,Los Angeles,CA,91352,1956,6,0500,Five or more apartments,LA County eGIS parcels,2026-10-01T22:50Z,Los Angeles,CA,Los Angeles County,34.229428,-118.387835,census_batch,0.85,"Census batch geocoder non_exact match '8819 LANKERSHIM BLVD, SUN VALLEY, CA, 91352'; inside Los Angeles city; USPS name 'Sun Valley' is a neighborhood of Los Angeles, same city rules",Los Angeles city,0644000,San Fernando Valley CCD,"8819 LANKERSHIM BLVD, SUN VALLEY, CA, 91352"
A0134,101 Norfolk ST,Dorchester,MA,02124,1899,,A/125,SUBSD HOUSING S- 8,Boston Property Assessment FY2026,2026-10-01T22:50Z,Boston,MA,Suffolk County,42.288489,-71.076009,census_batch,0.95,"Census batch geocoder exact match '101 NORFOLK ST, DORCHESTER, MA, 02124'; postal city 'Dorchester' is a mailing name, legal city is Boston (Boston city)",Boston city,2507000,Boston city,"101 NORFOLK ST, DORCHESTER, MA, 02124"
A0135,843 CLAY ST,San Francisco,CA,,1908,29,A15,Apartment 15 Units or more,DataSF wv5m-vpq2 (2025 roll),2026-10-01T22:50Z,San Francisco,CA,San Francisco County,37.794119,-122.406986,census_batch,0.95,"Census batch geocoder exact match '843 CLAY ST, SAN FRANCISCO, CA, 94108'; inside San Francisco city (consolidated City and County of San Francisco)",San Francisco city,0667000,Downtown-Northeast Neighborhoods-Treasure Island CCD,"843 CLAY ST, SAN FRANCISCO, CA, 94108"
A0136,920 HUDSON ST,Hoboken,NJ,07030,,,4C,5B-26U-H-CO-OP,NJOGIS Parcels & MOD-IV Composite,2026-10-01T22:50Z,Hoboken,NJ,Hudson County,40.747368,-74.026734,census_batch,0.95,"Census batch geocoder exact match '920 HUDSON ST, HOBOKEN, NJ, 07030'; inside Hoboken city",Hoboken city,3432250,Hoboken city,"920 HUDSON ST, HOBOKEN, NJ, 07030"
A0137,65-71 NORFLOK ST,Newark,NJ,07003,,,4C,3SF5UG,NJOGIS Parcels & MOD-IV Composite,2026-10-01T22:50Z,Newark,NJ,Essex County,40.746701,-74.182558,census_batch,0.85,"Census batch geocoder non_exact match '65 NORFOLK ST, NEWARK, NJ, 07103'; inside Newark city; source ZIP 07003 is not a Newark ZIP and was ignored",Newark city,3451000,Newark city,"65 NORFOLK ST, NEWARK, NJ, 07103"
A0138,1033 E 51ST ST,Los Angeles,CA,90011,1959,5,0500,Five or more apartments,LA County eGIS parcels,2026-10-01T22:50Z,Los Angeles,CA,Los Angeles County,33.996685,-118.257578,census_batch,0.95,"Census batch geocoder exact match '1033 E 51ST ST, LOS ANGELES, CA, 90011'; inside Los Angeles city",Los Angeles city,0644000,Los Angeles CCD,"1033 E 51ST ST, LOS ANGELES, CA, 90011"
A0139,54 STUYVESANT AVE.,Jersey City,NJ,07042,1910,,4C,3S-F-5U-NH,NJOGIS Parcels & MOD-IV Composite,2026-10-01T22:50Z,Jersey City,NJ,Hudson County,40.729944,-74.071034,census_batch,0.95,"Census batch geocoder exact match '54 STUYVESANT AVE, JERSEY CITY, NJ, 07306'; inside Jersey City city; source ZIP 07042 is not a Jersey City ZIP and was ignored",Jersey City city,3436000,Jersey City city,"54 STUYVESANT AVE, JERSEY CITY, NJ, 07306"
A0140,459 BEACON ST,Boston,MA,02115,1910,,A/112,APT 7-30 UNITS,Boston Property Assessment FY2026,2026-10-01T22:50Z,Boston,MA,Suffolk County,42.351156,-71.088099,census_batch,0.95,"Census batch geocoder exact match '459 BEACON ST, BOSTON, MA, 02115'; inside Boston city",Boston city,2507000,Boston city,"459 BEACON ST, BOSTON, MA, 02115"
A0141,2601 43RD AV,San Francisco,CA,,1974,8,A5,Apartment 5 to 14 Units,DataSF wv5m-vpq2 (2025 roll),2026-10-01T22:50Z,San Francisco,CA,San Francisco County,37.738132,-122.50121,census_batch,0.95,"Census batch geocoder exact match '2601 43RD AVE, SAN FRANCISCO, CA, 94116'; inside San Francisco city (consolidated City and County of San Francisco)",San Francisco city,0667000,Sunset CCD,"2601 43RD AVE, SAN FRANCISCO, CA, 94116"
A0142,4615 AVALON BLVD,Los Angeles,CA,90011,1957,8,0500,Five or more apartments,LA County eGIS parcels,2026-10-01T22:50Z,Los Angeles,CA,Los Angeles County,34.001426,-118.265291,census_batch,0.95,"Census batch geocoder exact match '4615 AVALON BLVD, LOS ANGELES, CA, 90011'; inside Los Angeles city",Los Angeles city,0644000,Los Angeles CCD,"4615 AVALON BLVD, LOS ANGELES, CA, 90011"
A0143,75 ELM HILL AV,Dorchester,MA,02121,,,A/125,SUBSD HOUSING S- 8,Boston Property Assessment FY2026,2026-10-01T22:50Z,Boston,MA,Suffolk County,42.310213,-71.087061,census_batch,0.95,"Census batch geocoder exact match '75 ELM HILL AVE, DORCHESTER, MA, 02121'; postal city 'Dorchester' is a mailing name, legal city is Boston (Boston city)",Boston city,2507000,Boston city,"75 ELM HILL AVE, DORCHESTER, MA, 02121"
A0144,112-114 Amory ST,Roxbury,MA,02119,1910,,A/112,APT 7-30 UNITS,Boston Property Assessment FY2026,2026-10-01T22:50Z,Boston,MA,Suffolk County,42.319532,-71.100171,census_batch,0.95,"Census batch geocoder exact match '112 AMORY ST, ROXBURY, MA, 02119'; postal city 'Roxbury' is a mailing name, legal city is Boston (Boston city)",Boston city,2507000,Boston city,"112 AMORY ST, ROXBURY, MA, 02119"
A0145,4515 FELTON ST,San Diego,CA,92116,,8,14,SANDAG asr_landuse 14-16 (5+ units),SANDAG/SanGIS parcels,2026-10-01T22:50Z,San Diego,CA,San Diego County,32.759371,-117.121715,census_batch,0.95,"Census batch geocoder exact match '4515 FELTON ST, SAN DIEGO, CA, 92116'; inside San Diego city",San Diego city,0666000,San Diego CCD,"4515 FELTON ST, SAN DIEGO, CA, 92116"
A0146,93-95 HAWKINS ST,Newark,NJ,07105,,,4C,2SF3UG,NJOGIS Parcels & MOD-IV Composite,2026-10-01T22:50Z,Newark,NJ,Essex County,40.728511,-74.139007,census_batch,0.95,"Census batch geocoder exact match '93 HAWKINS ST, NEWARK, NJ, 07105'; inside Newark city",Newark city,3451000,Newark city,"93 HAWKINS ST, NEWARK, NJ, 07105"
A0147,2850 GOLDEN GATE AV,San Francisco,CA,,1900,5,A5,Apartment 5 to 14 Units,DataSF wv5m-vpq2 (2025 roll),2026-10-01T22:50Z,San Francisco,CA,San Francisco County,37.776359,-122.457613,census_batch,0.95,"Census batch geocoder exact match '2850 GOLDEN GATE AVE, SAN FRANCISCO, CA, 94118'; inside San Francisco city (consolidated City and County of San Francisco)",San Francisco city,0667000,Richmond-Presidio-Marina CCD,"2850 GOLDEN GATE AVE, SAN FRANCISCO, CA, 94118"
A0148,162-166 5TH ST,Newark,NJ,07105,,,4C,2.5SF,NJOGIS Parcels & MOD-IV Composite,2026-10-01T22:50Z,Newark,NJ,Essex County,40.751386,-74.190058,census_batch,0.85,"Census batch geocoder non_exact match '166 5TH ST, NEWARK, NJ, 07107'; inside Newark city",Newark city,3451000,Newark city,"166 5TH ST, NEWARK, NJ, 07107"
A0149,25 Everett ST,East Boston,MA,02128,2023,,A/120,LUXURY APARTMENT,Boston Property Assessment FY2026,2026-10-01T22:50Z,Boston,MA,Suffolk County,42.36831,-71.036711,census_batch,0.95,"Census batch geocoder exact match '25 EVERETT ST, EAST BOSTON, MA, 02128'; postal city 'East Boston' is a mailing name, legal city is Boston (Boston city)",Boston city,2507000,Boston city,"25 EVERETT ST, EAST BOSTON, MA, 02128"
A0150,3784 E BROADWAY,San Diego,CA,92102,,9,14,SANDAG asr_landuse 14-16 (5+ units),SANDAG/SanGIS parcels,2026-10-01T22:50Z,San Diego,CA,San Diego County,32.716025,-117.11184,census_batch,0.85,"Census batch geocoder non_exact match '3784 BROADWAY, SAN DIEGO, CA, 92102'; inside San Diego city",San Diego city,0666000,San Diego CCD,"3784 BROADWAY, SAN DIEGO, CA, 92102"
A0151,16 Queensberry ST,Boston,MA,02215,1899,,A/112,APT 7-30 UNITS,Boston Property Assessment FY2026,2026-10-01T22:50Z,Boston,MA,Suffolk County,42.343098,-71.095965,census_batch,0.95,"Census batch geocoder exact match '16 QUEENSBERRY ST, BOSTON, MA, 02215'; inside Boston city",Boston city,2507000,Boston city,"16 QUEENSBERRY ST, BOSTON, MA, 02215"
A0152,1669 SUNSET CLIFFS BLVD,San Diego,CA,92107,,12,14,SANDAG asr_landuse 14-16 (5+ units),SANDAG/SanGIS parcels,2026-10-01T22:50Z,San Diego,CA,San Diego County,32.740946,-117.250765,census_batch,0.95,"Census batch geocoder exact match '1669 SUNSET CLIFFS BLVD, SAN DIEGO, CA, 92107'; inside San Diego city",San Diego city,0666000,San Diego CCD,"1669 SUNSET CLIFFS BLVD, SAN DIEGO, CA, 92107"
A0153,366 E 55TH ST,Los Angeles,CA,90011,1924,9,0500,Five or more apartments,LA County eGIS parcels,2026-10-01T22:50Z,Los Angeles,CA,Los Angeles County,33.992394,-118.268297,census_batch,0.95,"Census batch geocoder exact match '366 E 55TH ST, LOS ANGELES, CA, 90011'; inside Los Angeles city",Los Angeles city,0644000,Los Angeles CCD,"366 E 55TH ST, LOS ANGELES, CA, 90011"
A0154,4568 IDAHO ST,San Diego,CA,92116,,8,14,SANDAG asr_landuse 14-16 (5+ units),SANDAG/SanGIS parcels,2026-10-01T22:50Z,San Diego,CA,San Diego County,32.760412,-117.133978,census_batch,0.95,"Census batch geocoder exact match '4568 IDAHO ST, SAN DIEGO, CA, 92116'; inside San Diego city",San Diego city,0666000,San Diego CCD,"4568 IDAHO ST, SAN DIEGO, CA, 92116"
A0155,473 Harvard ST,Dorchester,MA,02124,,,A/125,SUBSD HOUSING S- 8,Boston Property Assessment FY2026,2026-10-01T22:50Z,Boston,MA,Suffolk County,42.288742,-71.092393,census_batch,0.95,"Census batch geocoder exact match '473 HARVARD ST, DORCHESTER, MA, 02124'; postal city 'Dorchester' is a mailing name, legal city is Boston (Boston city)",Boston city,2507000,Boston city,"473 HARVARD ST, DORCHESTER, MA, 02124"
A0156,290 GREEN ST,San Francisco,CA,,1927,9,A5,Apartment 5 to 14 Units,DataSF wv5m-vpq2 (2025 roll),2026-10-01T22:50Z,San Francisco,CA,San Francisco County,37.800315,-122.40299,census_oneline,0.8,"Census single-line match for normalised '290 GREEN ST, San Francisco, CA' -> '290 GREEN ST, SAN FRANCISCO, CA, 94111'; inside San Francisco city (consolidated City and County of San Francisco)",San Francisco city,0667000,Downtown-Northeast Neighborhoods-Treasure Island CCD,"290 GREEN ST, SAN FRANCISCO, CA, 94111"
A0157,2701 RIDGE RD,Berkeley,CA,94709,,,7700,Alameda County use code (5+ units),Alameda County parcels,2026-10-01T22:50Z,Berkeley,CA,Alameda County,37.876495,-122.257027,census_batch,0.95,"Census batch geocoder exact match '2701 RIDGE RD, BERKELEY, CA, 94709'; inside Berkeley city",Berkeley city,0606000,Berkeley CCD,"2701 RIDGE RD, BERKELEY, CA, 94709"
A0158,2522 HILGARD AVE,Berkeley,CA,94709,,,7700,Alameda County use code (5+ units),Alameda County parcels,2026-10-01T22:50Z,Berkeley,CA,Alameda County,37.878591,-122.260493,census_batch,0.95,"Census batch geocoder exact match '2522 HILGARD AVE, BERKELEY, CA, 94709'; inside Berkeley city",Berkeley city,0606000,Berkeley CCD,"2522 HILGARD AVE, BERKELEY, CA, 94709"
A0159,104 SUNSET AVE,Newark,NJ,11211,,,4C,3SF,NJOGIS Parcels & MOD-IV Composite,2026-10-01T22:50Z,Newark,NJ,Essex County,40.742459,-74.226709,census_batch,0.95,"Census batch geocoder exact match '104 SUNSET AVE, NEWARK, NJ, 07106'; inside Newark city; source ZIP 11211 is not a Newark ZIP and was ignored",Newark city,3451000,Newark city,"104 SUNSET AVE, NEWARK, NJ, 07106"
A0160,86 CHARLES ST.,Jersey City,NJ,07642,1918,,4C,3S-B-A-22U,NJOGIS Parcels & MOD-IV Composite,2026-10-01T22:50Z,Jersey City,NJ,Hudson County,40.749434,-74.051738,census_batch,0.95,"Census batch geocoder exact match '86 CHARLES ST, JERSEY CITY, NJ, 07307'; inside Jersey City city; source ZIP 07642 is not a Jersey City ZIP and was ignored",Jersey City city,3436000,Jersey City city,"86 CHARLES ST, JERSEY CITY, NJ, 07307"
A0161,317 UNION ST.,Jersey City,NJ,07013,1930,,4C,4S-B-A-21U-H,NJOGIS Parcels & MOD-IV Composite,2026-10-01T22:50Z,Jersey City,NJ,Hudson County,40.717916,-74.083091,census_batch,0.95,"Census batch geocoder exact match '317 UNION ST, JERSEY CITY, NJ, 07304'; inside Jersey City city; source ZIP 07013 is not a Jersey City ZIP and was ignored",Jersey City city,3436000,Jersey City city,"317 UNION ST, JERSEY CITY, NJ, 07304"
A0162,1640 N POINSETTIA PL,Los Angeles,CA,90046,1987,24,0500,Five or more apartments,LA County eGIS parcels,2026-10-01T22:50Z,Los Angeles,CA,Los Angeles County,34.100552,-118.347789,census_batch,0.95,"Census batch geocoder exact match '1640 N POINSETTIA PL, LOS ANGELES, CA, 90046'; inside Los Angeles city",Los Angeles city,0644000,Los Angeles CCD,"1640 N POINSETTIA PL, LOS ANGELES, CA, 90046"
A0163,233-235 SECOND ST.,Jersey City,NJ,07042,1870,,4C,3&4S-B&F-14U,NJOGIS Parcels & MOD-IV Composite,2026-10-01T22:50Z,Jersey City,NJ,Hudson County,40.722391,-74.043498,census_batch,0.95,"Census batch geocoder exact match '233 2ND ST, JERSEY CITY, NJ, 07302'; inside Jersey City city; source ZIP 07042 is not a Jersey City ZIP and was ignored",Jersey City city,3436000,Jersey City city,"233 2ND ST, JERSEY CITY, NJ, 07302"
A0164,725 14TH ST,San Francisco,CA,,1911,6,A5,Apartment 5 to 14 Units,DataSF wv5m-vpq2 (2025 roll),2026-10-01T22:50Z,San Francisco,CA,San Francisco County,37.767638,-122.429519,census_batch,0.95,"Census batch geocoder exact match '725 14TH ST, SAN FRANCISCO, CA, 94114'; inside San Francisco city (consolidated City and County of San Francisco)",San Francisco city,0667000,Western Addition-Buena Vista-Eureka Valley CCD,"725 14TH ST, SAN FRANCISCO, CA, 94114"
A0165,734 JAMAICA CT,San Diego,CA,92109,,8,14,SANDAG asr_landuse 14-16 (5+ units),SANDAG/SanGIS parcels,2026-10-01T22:50Z,San Diego,CA,San Diego County,32.773643,-117.252245,census_batch,0.95,"Census batch geocoder exact match '734 JAMAICA CT, SAN DIEGO, CA, 92109'; inside San Diego city",San Diego city,0666000,San Diego CCD,"734 JAMAICA CT, SAN DIEGO, CA, 92109"
A0166,1 Potter Pk,Cambridge,MA,,1900,5,111,4-8-UNIT-APT,Cambridge Property Database FY2026 (waa7-ibdu),2026-10-01T22:50Z,Cambridge,MA,Middlesex County,42.38431,-71.120201,census_batch,0.95,"Census batch geocoder exact match '1 POTTER PARK, CAMBRIDGE, MA, 02138'; inside Cambridge city",Cambridge city,2511000,Cambridge city,"1 POTTER PARK, CAMBRIDGE, MA, 02138"
A0167,4616 FLORIDA ST,San Diego,CA,92116,,20,15,SANDAG asr_landuse 14-16 (5+ units),SANDAG/SanGIS parcels,2026-10-01T22:50Z,San Diego,CA,San Diego County,32.761243,-117.143851,census_batch,0.95,"Census batch geocoder exact match '4616 FLORIDA ST, SAN DIEGO, CA, 92116'; inside San Diego city",San Diego city,0666000,San Diego CCD,"4616 FLORIDA ST, SAN DIEGO, CA, 92116"
A0168,600 JACKSON/601 HARRISON,Hoboken,NJ,07030,2007,,4C,5B-64U/5B-64U-G,NJOGIS Parcels & MOD-IV Composite,2026-10-01T22:50Z,Hoboken,NJ,Hudson County,40.745284,-74.039282,census_batch,0.85,"Census batch geocoder non_exact match '600 JACKSON ST, HOBOKEN, NJ, 07030'; inside Hoboken city",Hoboken city,3432250,Hoboken city,"600 JACKSON ST, HOBOKEN, NJ, 07030"
A0169,115 KILSYTH RD,Brighton,MA,02135,1920,,A/112,APT 7-30 UNITS,Boston Property Assessment FY2026,2026-10-01T22:50Z,Boston,MA,Suffolk County,42.340368,-71.146633,census_batch,0.95,"Census batch geocoder exact match '115 KILSYTH RD, BRIGHTON, MA, 02135'; postal city 'Brighton' is a mailing name, legal city is Boston (Boston city)",Boston city,2507000,Boston city,"115 KILSYTH RD, BRIGHTON, MA, 02135"
A0170,8917 CEDROS AVE,Los Angeles,CA,91402,1990,32,0500,Five or more apartments,LA County eGIS parcels,2026-10-01T22:50Z,Los Angeles,CA,Los Angeles County,34.232064,-118.453618,census_batch,0.85,"Census batch geocoder non_exact match '8917 CEDROS AVE, PANORAMA CITY, CA, 91402'; inside Los Angeles city; USPS name 'Panorama City' is a neighborhood of Los Angeles, same city rules",Los Angeles city,0644000,San Fernando Valley CCD,"8917 CEDROS AVE, PANORAMA CITY, CA, 91402"
A0171,127 OGDEN AVE.,Jersey City,NJ,07660,1910,,4C,3S-B-D-7U-NH,NJOGIS Parcels & MOD-IV Composite,2026-10-01T22:50Z,Jersey City,NJ,Hudson County,40.738902,-74.046633,census_batch,0.95,"Census batch geocoder exact match '127 OGDEN AVE, JERSEY CITY, NJ, 07307'; inside Jersey City city; source ZIP 07660 is not a Jersey City ZIP and was ignored",Jersey City city,3436000,Jersey City city,"127 OGDEN AVE, JERSEY CITY, NJ, 07307"
A0172,8504 WILLIS AVE,Los Angeles,CA,91402,1960,33,0500,Five or more apartments,LA County eGIS parcels,2026-10-01T22:50Z,Los Angeles,CA,Los Angeles County,34.224851,-118.455219,census_batch,0.85,"Census batch geocoder non_exact match '8504 WILLIS AVE, PANORAMA CITY, CA, 91402'; inside Los Angeles city; USPS name 'Panorama City' is a neighborhood of Los Angeles, same city rules",Los Angeles city,0644000,San Fernando Valley CCD,"8504 WILLIS AVE, PANORAMA CITY, CA, 91402"
A0173,13180 FOOTHILL BLVD,Los Angeles,CA,91342,1937,9,0500,Five or more apartments,LA County eGIS parcels,2026-10-01T22:50Z,Los Angeles,CA,Los Angeles County,34.299371,-118.421538,census_batch,0.85,"Census batch geocoder non_exact match '13180 FOOTHILL BLVD, SYLMAR, CA, 91342'; inside Los Angeles city; USPS name 'Sylmar' is a neighborhood of Los Angeles, same city rules",Los Angeles city,0644000,San Fernando Valley CCD,"13180 FOOTHILL BLVD, SYLMAR, CA, 91342"
A0174,84 Hampshire St,Cambridge,MA,,1900,19,112,>8-UNIT-APT,Cambridge Property Database FY2026 (waa7-ibdu),2026-10-01T22:50Z,Cambridge,MA,Middlesex County,42.368359,-71.094394,census_batch,0.95,"Census batch geocoder exact match '84 HAMPSHIRE ST, CAMBRIDGE, MA, 02139'; inside Cambridge city",Cambridge city,2511000,Cambridge city,"84 HAMPSHIRE ST, CAMBRIDGE, MA, 02139"
A0175,10 Dover St,Cambridge,MA,,1922,6,111,4-8-UNIT-APT,Cambridge Property Database FY2026 (waa7-ibdu),2026-10-01T22:50Z,Cambridge,MA,Middlesex County,42.394678,-71.126687,census_batch,0.95,"Census batch geocoder exact match '10 DOVER ST, CAMBRIDGE, MA, 02140'; inside Cambridge city",Cambridge city,2511000,Cambridge city,"10 DOVER ST, CAMBRIDGE, MA, 02140"
A0176,15 Chester St,Cambridge,MA,,1965,29,112,>8-UNIT-APT,Cambridge Property Database FY2026 (waa7-ibdu),2026-10-01T22:50Z,Cambridge,MA,Middlesex County,42.393657,-71.124478,census_batch,0.95,"Census batch geocoder exact match '15 CHESTER ST, CAMBRIDGE, MA, 02140'; inside Cambridge city",Cambridge city,2511000,Cambridge city,"15 CHESTER ST, CAMBRIDGE, MA, 02140"
A0177,166 HIGHLAND AVE.,Jersey City,NJ,11201,1912,,4C,3S-F-D-6U-NH,NJOGIS Parcels & MOD-IV Composite,2026-10-01T22:50Z,Jersey City,NJ,Hudson County,40.729583,-74.073106,census_batch,0.95,"Census batch geocoder exact match '166 HIGHLAND AVE, JERSEY CITY, NJ, 07306'; inside Jersey City city; source ZIP 11201 is not a Jersey City ZIP and was ignored",Jersey City city,3436000,Jersey City city,"166 HIGHLAND AVE, JERSEY CITY, NJ, 07306"
A0178,5308 RIVERTON AVE,Los Angeles,CA,91601,1961,7,0500,Five or more apartments,LA County eGIS parcels,2026-10-01T22:50Z,Los Angeles,CA,Los Angeles County,34.166829,-118.365291,census_batch,0.85,"Census batch geocoder non_exact match '5308 RIVERTON AVE, NORTH HOLLYWOOD, CA, 91601'; inside Los Angeles city; USPS name 'North Hollywood' is a neighborhood of Los Angeles, same city rules",Los Angeles city,0644000,San Fernando Valley CCD,"5308 RIVERTON AVE, NORTH HOLLYWOOD, CA, 91601"
A0179,7006 LANEWOOD AVE,Los Angeles,CA,90028,1958,18,0500,Five or more apartments,LA County eGIS parcels,2026-10-01T22:50Z,Los Angeles,CA,Los Angeles County,34.099152,-118.341635,census_batch,0.95,"Census batch geocoder exact match '7006 LANEWOOD AVE, LOS ANGELES, CA, 90028'; inside Los Angeles city",Los Angeles city,0644000,Los Angeles CCD,"7006 LANEWOOD AVE, LOS ANGELES, CA, 90028"
A0180,845 S KINGSLEY DR,Los Angeles,CA,90005,1990,33,0500,Five or more apartments,LA County eGIS parcels,2026-10-01T22:50Z,Los Angeles,CA,Los Angeles County,34.056871,-118.303138,census_batch,0.95,"Census batch geocoder exact match '845 S KINGSLEY DR, LOS ANGELES, CA, 90005'; inside Los Angeles city",Los Angeles city,0644000,Los Angeles CCD,"845 S KINGSLEY DR, LOS ANGELES, CA, 90005"
A0181,931 GARDEN ST,Hoboken,NJ,07030,,,4C,5B-10U-BA,NJOGIS Parcels & MOD-IV Composite,2026-10-01T22:50Z,Hoboken,NJ,Hudson County,40.748003,-74.029445,census_batch,0.95,"Census batch geocoder exact match '931 GARDEN ST, HOBOKEN, NJ, 07030'; inside Hoboken city",Hoboken city,3432250,Hoboken city,"931 GARDEN ST, HOBOKEN, NJ, 07030"
A0182,911-923 CLINTON ST,Hoboken,NJ,07030,,,4C,"2,5B-90U-H-BA",NJOGIS Parcels & MOD-IV Composite,2026-10-01T22:50Z,Hoboken,NJ,Hudson County,40.748237,-74.032304,census_batch,0.95,"Census batch geocoder exact match '911 CLINTON ST, HOBOKEN, NJ, 07030'; inside Hoboken city",Hoboken city,3432250,Hoboken city,"911 CLINTON ST, HOBOKEN, NJ, 07030"
A0183,2427 HILGARD AVE,Berkeley,CA,94709,,,7700,Alameda County use code (5+ units),Alameda County parcels,2026-10-01T22:50Z,Berkeley,CA,Alameda County,37.878455,-122.262349,census_batch,0.95,"Census batch geocoder exact match '2427 HILGARD AVE, BERKELEY, CA, 94709'; inside Berkeley city",Berkeley city,0606000,Berkeley CCD,"2427 HILGARD AVE, BERKELEY, CA, 94709"
A0184,156 W 32ND ST,Los Angeles,CA,90007,1907,16,0500,Five or more apartments,LA County eGIS parcels,2026-10-01T22:50Z,Los Angeles,CA,Los Angeles County,34.020782,-118.273515,census_batch,0.95,"Census batch geocoder exact match '156 W 32ND ST, LOS ANGELES, CA, 90007'; inside Los Angeles city",Los Angeles city,0644000,Los Angeles CCD,"156 W 32ND ST, LOS ANGELES, CA, 90007"
A0185,154 TERHUNE AVE.,Jersey City,NJ,07103,1922,,4C,3S-F-D-6U-NH,NJOGIS Parcels & MOD-IV Composite,2026-10-01T22:50Z,Jersey City,NJ,Hudson County,40.705096,-74.096225,census_batch,0.95,"Census batch geocoder exact match '154 TERHUNE AVE, JERSEY CITY, NJ, 07305'; inside Jersey City city; source ZIP 07103 is not a Jersey City ZIP and was ignored",Jersey City city,3436000,Jersey City city,"154 TERHUNE AVE, JERSEY CITY, NJ, 07305"
A0186,107 BEACON AVE.,Jersey City,NJ,07306,,,4C,3S-F-D-5U-NH,NJOGIS Parcels & MOD-IV Composite,2026-10-01T22:50Z,Jersey City,NJ,Hudson County,40.73692,-74.054828,census_batch,0.95,"Census batch geocoder exact match '107 BEACON AVE, JERSEY CITY, NJ, 07306'; inside Jersey City city",Jersey City city,3436000,Jersey City city,"107 BEACON AVE, JERSEY CITY, NJ, 07306"
A0187,146 CARLTON AVE.,Jersey City,NJ,07423,1925,,4C,3S-F-D-6U-NH,NJOGIS Parcels & MOD-IV Composite,2026-10-01T22:50Z,Jersey City,NJ,Hudson County,40.74492,-74.060798,census_batch,0.95,"Census batch geocoder exact match '146 CARLTON AVE, JERSEY CITY, NJ, 07306'; inside Jersey City city; source ZIP 07423 is not a Jersey City ZIP and was ignored",Jersey City city,3436000,Jersey City city,"146 CARLTON AVE, JERSEY CITY, NJ, 07306"
A0188,2819 MCGEE AVE,Berkeley,CA,94703,,,7700,Alameda County use code (5+ units),Alameda County parcels,2026-10-01T22:50Z,Berkeley,CA,Alameda County,37.85696,-122.275258,census_batch,0.95,"Census batch geocoder exact match '2819 MCGEE AVE, BERKELEY, CA, 94703'; inside Berkeley city",Berkeley city,0606000,Berkeley CCD,"2819 MCGEE AVE, BERKELEY, CA, 94703"
A0189,1811 CARLETON ST,Berkeley,CA,94703,,,7200,Alameda County use code (5+ units),Alameda County parcels,2026-10-01T22:50Z,Berkeley,CA,Alameda County,37.860487,-122.273498,census_batch,0.95,"Census batch geocoder exact match '1811 CARLETON ST, BERKELEY, CA, 94703'; inside Berkeley city",Berkeley city,0606000,Berkeley CCD,"1811 CARLETON ST, BERKELEY, CA, 94703"
A0190,283 ADAMS ST,Newark,NJ,07105,,,4C,3SB,NJOGIS Parcels & MOD-IV Composite,2026-10-01T22:50Z,Newark,NJ,Essex County,40.722832,-74.162365,census_batch,0.95,"Census batch geocoder exact match '283 ADAMS ST, NEWARK, NJ, 07105'; inside Newark city",Newark city,3451000,Newark city,"283 ADAMS ST, NEWARK, NJ, 07105"
A0191,60 Kirkland St,Cambridge,MA,,1891,6,111,4-8-UNIT-APT,Cambridge Property Database FY2026 (waa7-ibdu),2026-10-01T22:50Z,Cambridge,MA,Middlesex County,42.37731,-71.110681,census_batch,0.95,"Census batch geocoder exact match '60 KIRKLAND ST, CAMBRIDGE, MA, 02138'; inside Cambridge city",Cambridge city,2511000,Cambridge city,"60 KIRKLAND ST, CAMBRIDGE, MA, 02138"
A0192,780 POST ST,San Francisco,CA,,1916,36,A15,Apartment 15 Units or more,DataSF wv5m-vpq2 (2025 roll),2026-10-01T22:50Z,San Francisco,CA,San Francisco County,37.787555,-122.41466,census_batch,0.95,"Census batch geocoder exact match '780 POST ST, SAN FRANCISCO, CA, 94109'; inside San Francisco city (consolidated City and County of San Francisco)",San Francisco city,0667000,Downtown-Northeast Neighborhoods-Treasure Island CCD,"780 POST ST, SAN FRANCISCO, CA, 94109"
A0193,1626 BONITA AVE,Berkeley,CA,94709,,,7700,Alameda County use code (5+ units),Alameda County parcels,2026-10-01T22:50Z,Berkeley,CA,Alameda County,37.877436,-122.272592,census_batch,0.95,"Census batch geocoder exact match '1626 BONITA AVE, BERKELEY, CA, 94709'; inside Berkeley city",Berkeley city,0606000,Berkeley CCD,"1626 BONITA AVE, BERKELEY, CA, 94709"
A0194,72 Burbank ST,Boston,MA,02115,2022,,A/125,SUBSD HOUSING S- 8,Boston Property Assessment FY2026,2026-10-01T22:50Z,Boston,MA,Suffolk County,42.344492,-71.089321,census_batch,0.95,"Census batch geocoder exact match '72 BURBANK ST, BOSTON, MA, 02115'; inside Boston city",Boston city,2507000,Boston city,"72 BURBANK ST, BOSTON, MA, 02115"
A0195,1850-1848 COMMONWEALTH AV,Brighton,MA,02135,1910,,A/112,APT 7-30 UNITS,Boston Property Assessment FY2026,2026-10-01T22:50Z,Boston,MA,Suffolk County,42.338962,-71.152169,census_batch,0.95,"Census batch geocoder exact match '1850 COMMONWEALTH AVE, BRIGHTON, MA, 02135'; postal city 'Brighton' is a mailing name, legal city is Boston (Boston city)",Boston city,2507000,Boston city,"1850 COMMONWEALTH AVE, BRIGHTON, MA, 02135"
A0196,16915 BLACKHAWK ST,Los Angeles,CA,91344,1962,30,0501,Five or more apartments,LA County eGIS parcels,2026-10-01T22:50Z,Los Angeles,CA,Los Angeles County,34.258955,-118.50092,census_batch,0.85,"Census batch geocoder non_exact match '16915 BLACKHAWK ST, GRANADA HILLS, CA, 91344'; inside Los Angeles city; USPS name 'Granada Hills' is a neighborhood of Los Angeles, same city rules",Los Angeles city,0644000,San Fernando Valley CCD,"16915 BLACKHAWK ST, GRANADA HILLS, CA, 91344"
A0197,1611 62ND ST,Berkeley,CA,94703,,,7200,Alameda County use code (5+ units),Alameda County parcels,2026-10-01T22:50Z,Berkeley,CA,Alameda County,37.846527,-122.274812,census_batch,0.95,"Census batch geocoder exact match '1611 62ND ST, BERKELEY, CA, 94703'; inside Berkeley city",Berkeley city,0606000,Berkeley CCD,"1611 62ND ST, BERKELEY, CA, 94703"
A0198,194 Havre ST,East Boston,MA,02128,2019,,A/112,APT 7-30 UNITS,Boston Property Assessment FY2026,2026-10-01T22:50Z,Boston,MA,Suffolk County,42.374497,-71.036498,census_batch,0.95,"Census batch geocoder exact match '194 HAVRE ST, EAST BOSTON, MA, 02128'; postal city 'East Boston' is a mailing name, legal city is Boston (Boston city)",Boston city,2507000,Boston city,"194 HAVRE ST, EAST BOSTON, MA, 02128"
A0199,42 Bay State Rd,Cambridge,MA,,2012,5,111,4-8-UNIT-APT,Cambridge Property Database FY2026 (waa7-ibdu),2026-10-01T22:50Z,Cambridge,MA,Middlesex County,42.387191,-71.140084,census_batch,0.95,"Census batch geocoder exact match '42 BAY STATE RD, CAMBRIDGE, MA, 02138'; inside Cambridge city",Cambridge city,2511000,Cambridge city,"42 BAY STATE RD, CAMBRIDGE, MA, 02138"
A0200,1853 N HIGHLAND AVE,Los Angeles,CA,90028,,5,0500,Five or more apartments,LA County eGIS parcels,2026-10-01T22:50Z,Los Angeles,CA,Los Angeles County,34.105004,-118.337549,census_batch,0.95,"Census batch geocoder exact match '1853 N HIGHLAND AVE, LOS ANGELES, CA, 90028'; inside Los Angeles city",Los Angeles city,0644000,Los Angeles CCD,"1853 N HIGHLAND AVE, LOS ANGELES, CA, 90028"
A0201,2737 BENVENUE AVE,Berkeley,CA,94705,,,7700,Alameda County use code (5+ units),Alameda County parcels,2026-10-01T22:50Z,Berkeley,CA,Alameda County,37.861085,-122.254639,census_batch,0.95,"Census batch geocoder exact match '2737 BENVENUE AVE, BERKELEY, CA, 94705'; inside Berkeley city",Berkeley city,0606000,Berkeley CCD,"2737 BENVENUE AVE, BERKELEY, CA, 94705"
A0202,1446 JACKSON ST,San Francisco,CA,,1907,6,A5,Apartment 5 to 14 Units,DataSF wv5m-vpq2 (2025 roll),2026-10-01T22:50Z,San Francisco,CA,San Francisco County,37.794523,-122.418898,census_batch,0.95,"Census batch geocoder exact match '1446 JACKSON ST, SAN FRANCISCO, CA, 94109'; inside San Francisco city (consolidated City and County of San Francisco)",San Francisco city,0667000,Downtown-Northeast Neighborhoods-Treasure Island CCD,"1446 JACKSON ST, SAN FRANCISCO, CA, 94109"
A0203,2986-2930 Washington ST,Roxbury,MA,02119,2002,,A/125,SUBSD HOUSING S- 8,Boston Property Assessment FY2026,2026-10-01T22:50Z,Boston,MA,Suffolk County,42.317726,-71.096287,census_batch,0.95,"Census batch geocoder exact match '2986 WASHINGTON ST, ROXBURY, MA, 02119'; postal city 'Roxbury' is a mailing name, legal city is Boston (Boston city)",Boston city,2507000,Boston city,"2986 WASHINGTON ST, ROXBURY, MA, 02119"
A0204,202-208 6TH AVE W,Newark,NJ,08736,,,4C,3SB,NJOGIS Parcels & MOD-IV Composite,2026-10-01T22:50Z,Newark,NJ,Essex County,40.75621,-74.186173,census_batch,0.85,"Census batch geocoder non_exact match '208 6TH AVE W, NEWARK, NJ, 07107'; inside Newark city; source ZIP 08736 is not a Newark ZIP and was ignored",Newark city,3451000,Newark city,"208 6TH AVE W, NEWARK, NJ, 07107"
A0205,2425 GRANT ST,Berkeley,CA,94703,,,7700,Alameda County use code (5+ units),Alameda County parcels,2026-10-01T22:50Z,Berkeley,CA,Alameda County,37.864419,-122.274486,census_batch,0.95,"Census batch geocoder exact match '2425 GRANT ST, BERKELEY, CA, 94703'; inside Berkeley city",Berkeley city,0606000,Berkeley CCD,"2425 GRANT ST, BERKELEY, CA, 94703"
A0206,401 43RD AV,San Francisco,CA,,1929,21,A15,Apartment 15 Units or more,DataSF wv5m-vpq2 (2025 roll),2026-10-01T22:50Z,San Francisco,CA,San Francisco County,37.781067,-122.504228,census_batch,0.95,"Census batch geocoder exact match '401 43RD AVE, SAN FRANCISCO, CA, 94121'; inside San Francisco city (consolidated City and County of San Francisco)",San Francisco city,0667000,Richmond-Presidio-Marina CCD,"401 43RD AVE, SAN FRANCISCO, CA, 94121"
A0207,705 W 23RD ST,Los Angeles,CA,90007,1901,10,0500,Five or more apartments,LA County eGIS parcels,2026-10-01T22:50Z,Los Angeles,CA,Los Angeles County,34.032031,-118.276733,census_batch,0.95,"Census batch geocoder exact match '705 W 23RD ST, LOS ANGELES, CA, 90007'; inside Los Angeles city",Los Angeles city,0644000,Los Angeles CCD,"705 W 23RD ST, LOS ANGELES, CA, 90007"
A0208,126 ADAMS ST,Hoboken,NJ,07604,,,4C,4B-8U,NJOGIS Parcels & MOD-IV Composite,2026-10-01T22:50Z,Hoboken,NJ,Hudson County,40.738937,-74.037275,census_batch,0.95,"Census batch geocoder exact match '126 ADAMS ST, HOBOKEN, NJ, 07030'; inside Hoboken city; source ZIP 07604 is not a Hoboken ZIP and was ignored",Hoboken city,3432250,Hoboken city,"126 ADAMS ST, HOBOKEN, NJ, 07030"
A0209,19 Trowbridge St,Cambridge,MA,,1910,6,111,4-8-UNIT-APT,Cambridge Property Database FY2026 (waa7-ibdu),2026-10-01T22:50Z,Cambridge,MA,Middlesex County,42.371041,-71.112374,census_batch,0.95,"Census batch geocoder exact match '19 TROWBRIDGE ST, CAMBRIDGE, MA, 02138'; inside Cambridge city",Cambridge city,2511000,Cambridge city,"19 TROWBRIDGE ST, CAMBRIDGE, MA, 02138"
A0210,1432 N CURSON AVE,Los Angeles,CA,90046,2016,9,0500,Five or more apartments,LA County eGIS parcels,2026-10-01T22:50Z,Los Angeles,CA,Los Angeles County,34.096816,-118.354939,census_batch,0.95,"Census batch geocoder exact match '1432 N CURSON AVE, LOS ANGELES, CA, 90046'; inside Los Angeles city",Los Angeles city,0644000,Los Angeles CCD,"1432 N CURSON AVE, LOS ANGELES, CA, 90046"
A0211,499 BEACON ST,Boston,MA,02215,1899,,A/112,APT 7-30 UNITS,Boston Property Assessment FY2026,2026-10-01T22:50Z,Boston,MA,Suffolk County,42.350692,-71.089846,census_batch,0.95,"Census batch geocoder exact match '499 BEACON ST, BOSTON, MA, 02215'; inside Boston city",Boston city,2507000,Boston city,"499 BEACON ST, BOSTON, MA, 02215"
A0212,1311 SOUTH VAN NESS AV,San Francisco,CA,,1900,5,A5,Apartment 5 to 14 Units,DataSF wv5m-vpq2 (2025 roll),2026-10-01T22:50Z,San Francisco,CA,San Francisco County,37.752169,-122.416173,census_batch,0.95,"Census batch geocoder exact match '1311 S VAN NESS AVE, SAN FRANCISCO, CA, 94110'; inside San Francisco city (consolidated City and County of San Francisco)",San Francisco city,0667000,Mission-Bernal CCD,"1311 S VAN NESS AVE, SAN FRANCISCO, CA, 94110"
A0213,11649 ACAMA ST,Los Angeles,CA,91604,1986,7,0500,Five or more apartments,LA County eGIS parcels,2026-10-01T22:50Z,Los Angeles,CA,Los Angeles County,34.145584,-118.386857,census_batch,0.85,"Census batch geocoder non_exact match '11649 ACAMA ST, STUDIO CITY, CA, 91604'; inside Los Angeles city; USPS name 'Studio City' is a neighborhood of Los Angeles, same city rules",Los Angeles city,0644000,San Fernando Valley CCD,"11649 ACAMA ST, STUDIO CITY, CA, 91604"
A0214,358 Harvard St,Cambridge,MA,,1900,6,111,4-8-UNIT-APT,Cambridge Property Database FY2026 (waa7-ibdu),2026-10-01T22:50Z,Cambridge,MA,Middlesex County,42.371082,-71.110911,census_batch,0.95,"Census batch geocoder exact match '358 HARVARD ST, CAMBRIDGE, MA, 02138'; inside Cambridge city",Cambridge city,2511000,Cambridge city,"358 HARVARD ST, CAMBRIDGE, MA, 02138"
A0215,2295 CALIFORNIA ST,San Francisco,CA,,1924,21,A15,Apartment 15 Units or more,DataSF wv5m-vpq2 (2025 roll),2026-10-01T22:50Z,San Francisco,CA,San Francisco County,37.789075,-122.432053,census_batch,0.95,"Census batch geocoder exact match '2295 CALIFORNIA ST, SAN FRANCISCO, CA, 94115'; inside San Francisco city (consolidated City and County of San Francisco)",San Francisco city,0667000,Western Addition-Buena Vista-Eureka Valley CCD,"2295 CALIFORNIA ST, SAN FRANCISCO, CA, 94115"
A0216,2309 HASTE ST,Berkeley,CA,94704,,,7700,Alameda County use code (5+ units),Alameda County parcels,2026-10-01T22:50Z,Berkeley,CA,Alameda County,37.865532,-122.262957,census_batch,0.95,"Census batch geocoder exact match '2309 HASTE ST, BERKELEY, CA, 94704'; inside Berkeley city",Berkeley city,0606000,Berkeley CCD,"2309 HASTE ST, BERKELEY, CA, 94704"
A0217,170-172 Maverick ST,East Boston,MA,02128,2011,,A/125,SUBSD HOUSING S- 8,Boston Property Assessment FY2026,2026-10-01T22:50Z,Boston,MA,Suffolk County,42.369545,-71.037421,census_batch,0.95,"Census batch geocoder exact match '170 MAVERICK ST, EAST BOSTON, MA, 02128'; postal city 'East Boston' is a mailing name, legal city is Boston (Boston city)",Boston city,2507000,Boston city,"170 MAVERICK ST, EAST BOSTON, MA, 02128"
A0218,15 Richdale Ave,Cambridge,MA,,1910,46,112,>8-UNIT-APT,Cambridge Property Database FY2026 (waa7-ibdu),2026-10-01T22:50Z,Cambridge,MA,Middlesex County,42.388324,-71.12162,census_batch,0.95,"Census batch geocoder exact match '15 RICHDALE AVE, CAMBRIDGE, MA, 02140'; inside Cambridge city",Cambridge city,2511000,Cambridge city,"15 RICHDALE AVE, CAMBRIDGE, MA, 02140"
A0219,3735 32ND ST,San Diego,CA,92104,,8,14,SANDAG asr_landuse 14-16 (5+ units),SANDAG/SanGIS parcels,2026-10-01T22:50Z,San Diego,CA,San Diego County,32.746245,-117.124938,census_batch,0.95,"Census batch geocoder exact match '3735 32ND ST, SAN DIEGO, CA, 92104'; inside San Diego city",San Diego city,0666000,San Diego CCD,"3735 32ND ST, SAN DIEGO, CA, 92104"
A0220,21-23 Faulkner ST,Dorchester,MA,02122,1900,,A/125,SUBSD HOUSING S- 8,Boston Property Assessment FY2026,2026-10-01T22:50Z,Boston,MA,Suffolk County,42.299546,-71.061434,census_batch,0.95,"Census batch geocoder exact match '21 FAULKNER ST, DORCHESTER, MA, 02122'; postal city 'Dorchester' is a mailing name, legal city is Boston (Boston city)",Boston city,2507000,Boston city,"21 FAULKNER ST, DORCHESTER, MA, 02122"
A0221,191 Park DR,Boston,MA,02215,1910,,A/112,APT 7-30 UNITS,Boston Property Assessment FY2026,2026-10-01T22:50Z,Boston,MA,Suffolk County,42.341033,-71.100162,census_batch,0.95,"Census batch geocoder exact match '191 PARK DR, BOSTON, MA, 02215'; inside Boston city",Boston city,2507000,Boston city,"191 PARK DR, BOSTON, MA, 02215"
A0222,1901 VALLEJO ST,San Francisco,CA,,1960,8,A5,Apartment 5 to 14 Units,DataSF wv5m-vpq2 (2025 roll),2026-10-01T22:50Z,San Francisco,CA,San Francisco County,37.795996,-122.428598,census_batch,0.95,"Census batch geocoder exact match '1901 VALLEJO ST, SAN FRANCISCO, CA, 94123'; inside San Francisco city (consolidated City and County of San Francisco)",San Francisco city,0667000,Richmond-Presidio-Marina CCD,"1901 VALLEJO ST, SAN FRANCISCO, CA, 94123"
A0223,504 COURT ST,Hoboken,NJ,07030,,,4C,4B-5U-H-BA,NJOGIS Parcels & MOD-IV Composite,2026-10-01T22:50Z,Hoboken,NJ,Hudson County,40.742215,-74.02894,census_batch,0.95,"Census batch geocoder exact match '504 COURT ST, HOBOKEN, NJ, 07030'; inside Hoboken city",Hoboken city,3432250,Hoboken city,"504 COURT ST, HOBOKEN, NJ, 07030"
A0224,8727 TOBIAS AVE,Los Angeles,CA,91402,1960,13,0500,Five or more apartments,LA County eGIS parcels,2026-10-01T22:50Z,Los Angeles,CA,Los Angeles County,34.228507,-118.451719,census_batch,0.85,"Census batch geocoder non_exact match '8727 TOBIAS AVE, PANORAMA CITY, CA, 91402'; inside Los Angeles city; USPS name 'Panorama City' is a neighborhood of Los Angeles, same city rules",Los Angeles city,0644000,San Fernando Valley CCD,"8727 TOBIAS AVE, PANORAMA CITY, CA, 91402"
A0225,1627 JACKSON ST,San Francisco,CA,,1913,9,A5,Apartment 5 to 14 Units,DataSF wv5m-vpq2 (2025 roll),2026-10-01T22:50Z,San Francisco,CA,San Francisco County,37.79403,-122.421842,census_batch,0.95,"Census batch geocoder exact match '1627 JACKSON ST, SAN FRANCISCO, CA, 94109'; inside San Francisco city (consolidated City and County of San Francisco)",San Francisco city,0667000,Downtown-Northeast Neighborhoods-Treasure Island CCD,"1627 JACKSON ST, SAN FRANCISCO, CA, 94109"
A0226,663 MASSACHUSETTS AV,Boston,MA,02118,1905,,A/125,SUBSD HOUSING S- 8,Boston Property Assessment FY2026,2026-10-01T22:50Z,Boston,MA,Suffolk County,42.335913,-71.07647,census_batch,0.95,"Census batch geocoder exact match '663 MASSACHUSETTS AVE, BOSTON, MA, 02118'; inside Boston city",Boston city,2507000,Boston city,"663 MASSACHUSETTS AVE, BOSTON, MA, 02118"
A0227,1401 HUDSON ST,Hoboken,NJ,07030,2010,2,4C,13B-93U-2C-G,NJOGIS Parcels & MOD-IV Composite,2026-10-01T22:50Z,Hoboken,NJ,Hudson County,40.752162,-74.025132,census_batch,0.95,"Census batch geocoder exact match '1401 HUDSON ST, HOBOKEN, NJ, 07030'; inside Hoboken city",Hoboken city,3432250,Hoboken city,"1401 HUDSON ST, HOBOKEN, NJ, 07030"
A0228,225 COLLINGWOOD ST,San Francisco,CA,,1907,5,A5,Apartment 5 to 14 Units,DataSF wv5m-vpq2 (2025 roll),2026-10-01T22:50Z,San Francisco,CA,San Francisco County,37.758806,-122.435846,census_batch,0.95,"Census batch geocoder exact match '225 COLLINGWOOD ST, SAN FRANCISCO, CA, 94114'; inside San Francisco city (consolidated City and County of San Francisco)",San Francisco city,0667000,Western Addition-Buena Vista-Eureka Valley CCD,"225 COLLINGWOOD ST, SAN FRANCISCO, CA, 94114"
A0229,5164 03RD ST,San Francisco,CA,,1914,6,A5,Apartment 5 to 14 Units,DataSF wv5m-vpq2 (2025 roll),2026-10-01T22:50Z,San Francisco,CA,San Francisco County,37.731288,-122.392091,census_batch,0.95,"Census batch geocoder exact match '5164 3RD ST, SAN FRANCISCO, CA, 94124'; inside San Francisco city (consolidated City and County of San Francisco)",San Francisco city,0667000,Bayview CCD,"5164 3RD ST, SAN FRANCISCO, CA, 94124"
A0230,85 Hancock St,Cambridge,MA,,1996,18,112,>8-UNIT-APT,Cambridge Property Database FY2026 (waa7-ibdu),2026-10-01T22:50Z,Cambridge,MA,Middlesex County,42.368941,-71.108235,census_batch,0.95,"Census batch geocoder exact match '85 HANCOCK ST, CAMBRIDGE, MA, 02139'; inside Cambridge city",Cambridge city,2511000,Cambridge city,"85 HANCOCK ST, CAMBRIDGE, MA, 02139"
A0231,521 ARGUELLO BL,San Francisco,CA,,1971,6,A5,Apartment 5 to 14 Units,DataSF wv5m-vpq2 (2025 roll),2026-10-01T22:50Z,San Francisco,CA,San Francisco County,37.780784,-122.458905,census_batch,0.95,"Census batch geocoder exact match '521 ARGUELLO BLVD, SAN FRANCISCO, CA, 94118'; inside San Francisco city (consolidated City and County of San Francisco)",San Francisco city,0667000,Richmond-Presidio-Marina CCD,"521 ARGUELLO BLVD, SAN FRANCISCO, CA, 94118"
A0232,189 Third St,Cambridge,MA,,1900,6,111,4-8-UNIT-APT,Cambridge Property Database FY2026 (waa7-ibdu),2026-10-01T22:50Z,Cambridge,MA,Middlesex County,42.367927,-71.080956,census_batch,0.95,"Census batch geocoder exact match '189 3RD ST, CAMBRIDGE, MA, 02141'; inside Cambridge city",Cambridge city,2511000,Cambridge city,"189 3RD ST, CAMBRIDGE, MA, 02141"
A0233,30 MEDFIELD ST,Boston,MA,02215,1920,,A/112,APT 7-30 UNITS,Boston Property Assessment FY2026,2026-10-01T22:50Z,Boston,MA,Suffolk County,42.345264,-71.105981,census_batch,0.95,"Census batch geocoder exact match '30 MEDFIELD ST, BOSTON, MA, 02215'; inside Boston city",Boston city,2507000,Boston city,"30 MEDFIELD ST, BOSTON, MA, 02215"
A0234,2212 BLAKE ST,Berkeley,CA,94704,,,7700,Alameda County use code (5+ units),Alameda County parcels,2026-10-01T22:50Z,Berkeley,CA,Alameda County,37.863354,-122.26472,census_batch,0.95,"Census batch geocoder exact match '2212 BLAKE ST, BERKELEY, CA, 94704'; inside Berkeley city",Berkeley city,0606000,Berkeley CCD,"2212 BLAKE ST, BERKELEY, CA, 94704"
A0235,6736 SELMA AVE,Los Angeles,CA,90028,,,050V,Five or more apartments,LA County eGIS parcels,2026-10-01T22:50Z,Los Angeles,CA,Los Angeles County,34.099645,-118.337259,census_batch,0.95,"Census batch geocoder exact match '6736 SELMA AVE, LOS ANGELES, CA, 90028'; inside Los Angeles city",Los Angeles city,0644000,Los Angeles CCD,"6736 SELMA AVE, LOS ANGELES, CA, 90028"
A0236,1110 JACKSON ST,San Francisco,CA,,1961,9,A5,Apartment 5 to 14 Units,DataSF wv5m-vpq2 (2025 roll),2026-10-01T22:50Z,San Francisco,CA,San Francisco County,37.795227,-122.413414,census_batch,0.95,"Census batch geocoder exact match '1110 JACKSON ST, SAN FRANCISCO, CA, 94133'; inside San Francisco city (consolidated City and County of San Francisco)",San Francisco city,0667000,Downtown-Northeast Neighborhoods-Treasure Island CCD,"1110 JACKSON ST, SAN FRANCISCO, CA, 94133"
A0237,36 VALLEY ST,San Francisco,CA,,1927,12,A5,Apartment 5 to 14 Units,DataSF wv5m-vpq2 (2025 roll),2026-10-01T22:50Z,San Francisco,CA,San Francisco County,37.744772,-122.423161,census_batch,0.95,"Census batch geocoder exact match '36 VALLEY ST, SAN FRANCISCO, CA, 94110'; inside San Francisco city (consolidated City and County of San Francisco)",San Francisco city,0667000,Western Addition-Buena Vista-Eureka Valley CCD,"36 VALLEY ST, SAN FRANCISCO, CA, 94110"
A0238,15256 ACRE ST,Los Angeles,CA,91343,1957,6,0500,Five or more apartments,LA County eGIS parcels,2026-10-01T22:50Z,Los Angeles,CA,Los Angeles County,34.229903,-118.465059,census_batch,0.85,"Census batch geocoder non_exact match '15256 ACRE ST, NORTH HILLS, CA, 91343'; inside Los Angeles city; USPS name 'North Hills' is a neighborhood of Los Angeles, same city rules",Los Angeles city,0644000,San Fernando Valley CCD,"15256 ACRE ST, NORTH HILLS, CA, 91343"
A0239,1476 UNIVERSITY AVE,Berkeley,CA,94702,,,7700,Alameda County use code (5+ units),Alameda County parcels,2026-10-01T22:50Z,Berkeley,CA,Alameda County,37.870241,-122.282479,census_batch,0.95,"Census batch geocoder exact match '1476 UNIVERSITY AVE, BERKELEY, CA, 94702'; inside Berkeley city",Berkeley city,0606000,Berkeley CCD,"1476 UNIVERSITY AVE, BERKELEY, CA, 94702"
A0240,4135 38TH ST,San Diego,CA,92105,,7,14,SANDAG asr_landuse 14-16 (5+ units),SANDAG/SanGIS parcels,2026-10-01T22:50Z,San Diego,CA,San Diego County,32.752139,-117.111779,census_batch,0.95,"Census batch geocoder exact match '4135 38TH ST, SAN DIEGO, CA, 92105'; inside San Diego city",San Diego city,0666000,San Diego CCD,"4135 38TH ST, SAN DIEGO, CA, 92105"
A0241,913 GARDEN ST,Hoboken,NJ,07030,,,4C,5B-14U-H-BA,NJOGIS Parcels & MOD-IV Composite,2026-10-01T22:50Z,Hoboken,NJ,Hudson County,40.747791,-74.029508,census_batch,0.95,"Census batch geocoder exact match '913 GARDEN ST, HOBOKEN, NJ, 07030'; inside Hoboken city",Hoboken city,3432250,Hoboken city,"913 GARDEN ST, HOBOKEN, NJ, 07030"
A0242,85-87 SIERRA RD,Hyde Park,MA,02136,1960,,A/112,APT 7-30 UNITS,Boston Property Assessment FY2026,2026-10-01T22:50Z,Boston,MA,Suffolk County,42.236488,-71.12622,census_oneline,0.8,"Census single-line match for normalised '87 SIERRA RD, Hyde Park, MA 02136' -> '87 SIERRA RD, HYDE PARK, MA, 02136'; postal city 'Hyde Park' is a mailing name, legal city is Boston (Boston city)",Boston city,2507000,Boston city,"87 SIERRA RD, HYDE PARK, MA, 02136"
A0243,664 OCEAN AVE.,Jersey City,NJ,07305,1910,,4C,3S+BT-F-6U,NJOGIS Parcels & MOD-IV Composite,2026-10-01T22:50Z,Jersey City,NJ,Hudson County,40.709014,-74.07666,census_batch,0.95,"Census batch geocoder exact match '664 OCEAN AVE, JERSEY CITY, NJ, 07305'; inside Jersey City city",Jersey City city,3436000,Jersey City city,"664 OCEAN AVE, JERSEY CITY, NJ, 07305"
A0244,1126 HUDSON ST,Hoboken,NJ,07030,,,4C,5B-12U-1BX-H-BA,NJOGIS Parcels & MOD-IV Composite,2026-10-01T22:50Z,Hoboken,NJ,Hudson County,40.750077,-74.025922,census_batch,0.95,"Census batch geocoder exact match '1126 HUDSON ST, HOBOKEN, NJ, 07030'; inside Hoboken city",Hoboken city,3432250,Hoboken city,"1126 HUDSON ST, HOBOKEN, NJ, 07030"
A0245,30 WEST HOWELL ST M-D,Dorchester,MA,02125,2018,,A/120,LUXURY APARTMENT,Boston Property Assessment FY2026,2026-10-01T22:50Z,Boston,MA,Suffolk County,42.325356,-71.059503,census_batch,0.85,"Census batch geocoder non_exact match '30 W HOWELL ST, DORCHESTER, MA, 02125'; postal city 'Dorchester' is a mailing name, legal city is Boston (Boston city)",Boston city,2507000,Boston city,"30 W HOWELL ST, DORCHESTER, MA, 02125"
A0246,4386 COPELAND AVE,San Diego,CA,92105,,8,14,SANDAG asr_landuse 14-16 (5+ units),SANDAG/SanGIS parcels,2026-10-01T22:50Z,San Diego,CA,San Diego County,32.756801,-117.104048,census_batch,0.95,"Census batch geocoder exact match '4386 COPELAND AVE, SAN DIEGO, CA, 92105'; inside San Diego city",San Diego city,0666000,San Diego CCD,"4386 COPELAND AVE, SAN DIEGO, CA, 92105"
A0247,4957 CAPE MAY AVE,San Diego,CA,92107,,10,14,SANDAG asr_landuse 14-16 (5+ units),SANDAG/SanGIS parcels,2026-10-01T22:50Z,San Diego,CA,San Diego County,32.748875,-117.248171,census_batch,0.95,"Census batch geocoder exact match '4957 CAPE MAY AVE, SAN DIEGO, CA, 92107'; inside San Diego city",San Diego city,0666000,San Diego CCD,"4957 CAPE MAY AVE, SAN DIEGO, CA, 92107"
A0248,941 S KENMORE AVE,Los Angeles,CA,90006,1923,24,0500,Five or more apartments,LA County eGIS parcels,2026-10-01T22:50Z,Los Angeles,CA,Los Angeles County,34.054561,-118.296589,census_batch,0.95,"Census batch geocoder exact match '941 S KENMORE AVE, LOS ANGELES, CA, 90006'; inside Los Angeles city",Los Angeles city,0644000,Los Angeles CCD,"941 S KENMORE AVE, LOS ANGELES, CA, 90006"
A0249,498-500 HAWTHORNE AVE,Newark,NJ,10013,,,4C,3SF4UG,NJOGIS Parcels & MOD-IV Composite,2026-10-01T22:50Z,Newark,NJ,Essex County,40.7196,-74.214898,census_batch,0.95,"Census batch geocoder exact match '498 HAWTHORNE AVE, NEWARK, NJ, 07112'; inside Newark city; source ZIP 10013 is not a Newark ZIP and was ignored",Newark city,3451000,Newark city,"498 HAWTHORNE AVE, NEWARK, NJ, 07112"
A0250,211 BALDWIN AVE.,Jersey City,NJ,07002,,,4C,6S-B+F-45U-17G,NJOGIS Parcels & MOD-IV Composite,2026-10-01T22:50Z,Jersey City,NJ,Hudson County,40.729192,-74.060121,census_batch,0.95,"Census batch geocoder exact match '211 BALDWIN AVE, JERSEY CITY, NJ, 07306'; inside Jersey City city; source ZIP 07002 is not a Jersey City ZIP and was ignored",Jersey City city,3436000,Jersey City city,"211 BALDWIN AVE, JERSEY CITY, NJ, 07306"
A0251,4663 33RD ST,San Diego,CA,92116,,8,14,SANDAG asr_landuse 14-16 (5+ units),SANDAG/SanGIS parcels,2026-10-01T22:50Z,San Diego,CA,San Diego County,32.762436,-117.122795,census_batch,0.95,"Census batch geocoder exact match '4663 33RD ST, SAN DIEGO, CA, 92116'; inside San Diego city",San Diego city,0666000,San Diego CCD,"4663 33RD ST, SAN DIEGO, CA, 92116"
A0252,15514 CHASE ST,Los Angeles,CA,91343,1984,6,0500,Five or more apartments,LA County eGIS parcels,2026-10-01T22:50Z,Los Angeles,CA,Los Angeles County,34.224606,-118.470326,census_batch,0.85,"Census batch geocoder non_exact match '15514 CHASE ST, NORTH HILLS, CA, 91343'; inside Los Angeles city; USPS name 'North Hills' is a neighborhood of Los Angeles, same city rules",Los Angeles city,0644000,San Fernando Valley CCD,"15514 CHASE ST, NORTH HILLS, CA, 91343"
A0253,2250 NORTH POINT ST,San Francisco,CA,,1928,7,A5,Apartment 5 to 14 Units,DataSF wv5m-vpq2 (2025 roll),2026-10-01T22:50Z,San Francisco,CA,San Francisco County,37.802723,-122.444275,census_batch,0.95,"Census batch geocoder exact match '2250 N POINT ST, SAN FRANCISCO, CA, 94123'; inside San Francisco city (consolidated City and County of San Francisco)",San Francisco city,0667000,Richmond-Presidio-Marina CCD,"2250 N POINT ST, SAN FRANCISCO, CA, 94123"
A0254,805 WASHINGTON ST,Hoboken,NJ,07030,,,4C,4B-9U-H-BA,NJOGIS Parcels & MOD-IV Composite,2026-10-01T22:50Z,Hoboken,NJ,Hudson County,40.746064,-74.02819,census_batch,0.95,"Census batch geocoder exact match '805 WASHINGTON ST, HOBOKEN, NJ, 07030'; inside Hoboken city",Hoboken city,3432250,Hoboken city,"805 WASHINGTON ST, HOBOKEN, NJ, 07030"
A0255,851 E 51ST ST,Los Angeles,CA,90011,1923,8,0500,Five or more apartments,LA County eGIS parcels,2026-10-01T22:50Z,Los Angeles,CA,Los Angeles County,33.996666,-118.260152,census_batch,0.95,"Census batch geocoder exact match '851 E 51ST ST, LOS ANGELES, CA, 90011'; inside Los Angeles city",Los Angeles city,0644000,Los Angeles CCD,"851 E 51ST ST, LOS ANGELES, CA, 90011"
A0256,327 JACKSON ST,Hoboken,NJ,07017,,,4C,5B-20U-H,NJOGIS Parcels & MOD-IV Composite,2026-10-01T22:50Z,Hoboken,NJ,Hudson County,40.742101,-74.040067,census_batch,0.95,"Census batch geocoder exact match '327 JACKSON ST, HOBOKEN, NJ, 07030'; inside Hoboken city; source ZIP 07017 is not a Hoboken ZIP and was ignored",Hoboken city,3432250,Hoboken city,"327 JACKSON ST, HOBOKEN, NJ, 07030"
A0257,5 COMMER CT,San Francisco,CA,,,6,A5,Apartment 5 to 14 Units,DataSF wv5m-vpq2 (2025 roll),2026-10-01T22:50Z,San Francisco,CA,San Francisco County,37.732352,-122.384674,census_batch,0.95,"Census batch geocoder exact match '5 COMMER CT, SAN FRANCISCO, CA, 94124'; inside San Francisco city (consolidated City and County of San Francisco)",San Francisco city,0667000,Bayview CCD,"5 COMMER CT, SAN FRANCISCO, CA, 94124"
A0258,471 COLUMBIA RD,Dorchester,MA,02125,1930,,A/125,SUBSD HOUSING S- 8,Boston Property Assessment FY2026,2026-10-01T22:50Z,Boston,MA,Suffolk County,42.314021,-71.0675,census_batch,0.95,"Census batch geocoder exact match '471 COLUMBIA RD, DORCHESTER, MA, 02125'; postal city 'Dorchester' is a mailing name, legal city is Boston (Boston city)",Boston city,2507000,Boston city,"471 COLUMBIA RD, DORCHESTER, MA, 02125"
A0259,872 NORTH POINT ST,San Francisco,CA,,1900,5,FS5,Flat & Store 5 to 14 units,DataSF wv5m-vpq2 (2025 roll),2026-10-01T22:50Z,San Francisco,CA,San Francisco County,37.805617,-122.421551,census_batch,0.95,"Census batch geocoder exact match '872 N POINT ST, SAN FRANCISCO, CA, 94109'; inside San Francisco city (consolidated City and County of San Francisco)",San Francisco city,0667000,Downtown-Northeast Neighborhoods-Treasure Island CCD,"872 N POINT ST, SAN FRANCISCO, CA, 94109"
A0260,2479 LE CONTE AVE,Berkeley,CA,94709,,,7700,Alameda County use code (5+ units),Alameda County parcels,2026-10-01T22:50Z,Berkeley,CA,Alameda County,37.876826,-122.261371,census_batch,0.95,"Census batch geocoder exact match '2479 LE CONTE AVE, BERKELEY, CA, 94709'; inside Berkeley city",Berkeley city,0606000,Berkeley CCD,"2479 LE CONTE AVE, BERKELEY, CA, 94709"
A0261,525 ADAMS ST,Hoboken,NJ,07030,,,4C,5B-1OU,NJOGIS Parcels & MOD-IV Composite,2026-10-01T22:50Z,Hoboken,NJ,Hudson County,40.743627,-74.03569,census_batch,0.95,"Census batch geocoder exact match '525 ADAMS ST, HOBOKEN, NJ, 07030'; inside Hoboken city",Hoboken city,3432250,Hoboken city,"525 ADAMS ST, HOBOKEN, NJ, 07030"
A0262,2924 E JUNIPER ST,San Diego,CA,92104,,18,15,SANDAG asr_landuse 14-16 (5+ units),SANDAG/SanGIS parcels,2026-10-01T22:50Z,San Diego,CA,San Diego County,32.729713,-117.13127,census_batch,0.85,"Census batch geocoder non_exact match '2924 JUNIPER ST, SAN DIEGO, CA, 92104'; inside San Diego city",San Diego city,0666000,San Diego CCD,"2924 JUNIPER ST, SAN DIEGO, CA, 92104"
A0263,1636 M L KING JR WAY,Berkeley,CA,94709,,,7700,Alameda County use code (5+ units),Alameda County parcels,2026-10-01T22:50Z,Berkeley,CA,Alameda County,37.877104,-122.273753,census_batch,0.95,"Census batch geocoder exact match '1636 MARTIN LUTHER KING JR WAY, BERKELEY, CA, 94709'; inside Berkeley city",Berkeley city,0606000,Berkeley CCD,"1636 MARTIN LUTHER KING JR WAY, BERKELEY, CA, 94709"
A0264,583-589 ELIZABETH AVE,Newark,NJ,11516,,,4C,5SB,NJOGIS Parcels & MOD-IV Composite,2026-10-01T22:50Z,Newark,NJ,Essex County,40.706797,-74.203805,census_batch,0.95,"Census batch geocoder exact match '583 ELIZABETH AVE, NEWARK, NJ, 07112'; inside Newark city; source ZIP 11516 is not a Newark ZIP and was ignored",Newark city,3451000,Newark city,"583 ELIZABETH AVE, NEWARK, NJ, 07112"
A0265,102 BALDWIN AVE.,Jersey City,NJ,07306,1912,,4C,3S-B-A-13U-H,NJOGIS Parcels & MOD-IV Composite,2026-10-01T22:50Z,Jersey City,NJ,Hudson County,40.725395,-74.062861,census_batch,0.95,"Census batch geocoder exact match '102 BALDWIN AVE, JERSEY CITY, NJ, 07306'; inside Jersey City city",Jersey City city,3436000,Jersey City city,"102 BALDWIN AVE, JERSEY CITY, NJ, 07306"
A0266,52 BRIGHT ST.,Jersey City,NJ,10016,,,4C,4S-B-D-8U-NH,NJOGIS Parcels & MOD-IV Composite,2026-10-01T22:50Z,Jersey City,NJ,Hudson County,40.716964,-74.047161,census_batch,0.95,"Census batch geocoder exact match '52 BRIGHT ST, JERSEY CITY, NJ, 07302'; inside Jersey City city; source ZIP 10016 is not a Jersey City ZIP and was ignored",Jersey City city,3436000,Jersey City city,"52 BRIGHT ST, JERSEY CITY, NJ, 07302"
A0267,1314 N VAN NESS AVE,Los Angeles,CA,90028,,,050V,Five or more apartments,LA County eGIS parcels,2026-10-01T22:50Z,Los Angeles,CA,Los Angeles County,34.095065,-118.315686,census_batch,0.85,"Census batch geocoder non_exact match '1314 N VAN NESS AVE, LOS ANGELES, CA, 90038'; inside Los Angeles city",Los Angeles city,0644000,Los Angeles CCD,"1314 N VAN NESS AVE, LOS ANGELES, CA, 90038"
A0268,1848 FRANKLIN ST,San Francisco,CA,,1914,7,A5,Apartment 5 to 14 Units,DataSF wv5m-vpq2 (2025 roll),2026-10-01T22:50Z,San Francisco,CA,San Francisco County,37.791524,-122.424178,census_batch,0.95,"Census batch geocoder exact match '1848 FRANKLIN ST, SAN FRANCISCO, CA, 94109'; inside San Francisco city (consolidated City and County of San Francisco)",San Francisco city,0667000,Richmond-Presidio-Marina CCD,"1848 FRANKLIN ST, SAN FRANCISCO, CA, 94109"
A0269,1015 CLINTON ST,Hoboken,NJ,10003,,,4C,5B-14U,NJOGIS Parcels & MOD-IV Composite,2026-10-01T22:50Z,Hoboken,NJ,Hudson County,40.749581,-74.031888,census_batch,0.95,"Census batch geocoder exact match '1015 CLINTON ST, HOBOKEN, NJ, 07030'; inside Hoboken city; source ZIP 10003 is not a Hoboken ZIP and was ignored",Hoboken city,3432250,Hoboken city,"1015 CLINTON ST, HOBOKEN, NJ, 07030"
A0270,29 CONCORD ST,Jersey City,NJ,07306,1890,,4C,4S-B-8U-H,NJOGIS Parcels & MOD-IV Composite,2026-10-01T22:50Z,Jersey City,NJ,Hudson County,40.733443,-74.052575,census_batch,0.95,"Census batch geocoder exact match '29 CONCORD ST, JERSEY CITY, NJ, 07306'; inside Jersey City city",Jersey City city,3436000,Jersey City city,"29 CONCORD ST, JERSEY CITY, NJ, 07306"
A0271,4115 LINCOLN WY,San Francisco,CA,,1928,13,A5,Apartment 5 to 14 Units,DataSF wv5m-vpq2 (2025 roll),2026-10-01T22:50Z,San Francisco,CA,San Francisco County,37.764244,-122.5021,census_batch,0.95,"Census batch geocoder exact match '4115 LINCOLN WAY, SAN FRANCISCO, CA, 94122'; inside San Francisco city (consolidated City and County of San Francisco)",San Francisco city,0667000,Sunset CCD,"4115 LINCOLN WAY, SAN FRANCISCO, CA, 94122"
A0272,5 Everett St,Cambridge,MA,,1890,6,111,4-8-UNIT-APT,Cambridge Property Database FY2026 (waa7-ibdu),2026-10-01T22:50Z,Cambridge,MA,Middlesex County,42.380002,-71.119231,census_batch,0.95,"Census batch geocoder exact match '5 EVERETT ST, CAMBRIDGE, MA, 02138'; inside Cambridge city",Cambridge city,2511000,Cambridge city,"5 EVERETT ST, CAMBRIDGE, MA, 02138"
A0273,3911 CENTRE ST,San Diego,CA,92103,,10,14,SANDAG asr_landuse 14-16 (5+ units),SANDAG/SanGIS parcels,2026-10-01T22:50Z,San Diego,CA,San Diego County,32.749136,-117.147966,census_batch,0.95,"Census batch geocoder exact match '3911 CENTRE ST, SAN DIEGO, CA, 92103'; inside San Diego city",San Diego city,0666000,San Diego CCD,"3911 CENTRE ST, SAN DIEGO, CA, 92103"
A0274,7072 EASTMAN ST,San Diego,CA,92111,,6,14,SANDAG asr_landuse 14-16 (5+ units),SANDAG/SanGIS parcels,2026-10-01T22:50Z,San Diego,CA,San Diego County,32.789776,-117.168439,census_batch,0.95,"Census batch geocoder exact match '7072 EASTMAN ST, SAN DIEGO, CA, 92111'; inside San Diego city",San Diego city,0666000,San Diego CCD,"7072 EASTMAN ST, SAN DIEGO, CA, 92111"
A0275,4091 MORRELL ST,San Diego,CA,92109,,7,14,SANDAG asr_landuse 14-16 (5+ units),SANDAG/SanGIS parcels,2026-10-01T22:50Z,San Diego,CA,San Diego County,32.795607,-117.231647,census_batch,0.95,"Census batch geocoder exact match '4091 MORRELL ST, SAN DIEGO, CA, 92109'; inside San Diego city",San Diego city,0666000,San Diego CCD,"4091 MORRELL ST, SAN DIEGO, CA, 92109"
A0276,4361 ILLINOIS ST,San Diego,CA,92104,,6,14,SANDAG asr_landuse 14-16 (5+ units),SANDAG/SanGIS parcels,2026-10-01T22:50Z,San Diego,CA,San Diego County,32.756358,-117.127637,census_batch,0.95,"Census batch geocoder exact match '4361 ILLINOIS ST, SAN DIEGO, CA, 92104'; inside San Diego city",San Diego city,0666000,San Diego CCD,"4361 ILLINOIS ST, SAN DIEGO, CA, 92104"
A0277,2736 GRANT ST,Berkeley,CA,94703,,,7700,Alameda County use code (5+ units),Alameda County parcels,2026-10-01T22:50Z,Berkeley,CA,Alameda County,37.858494,-122.273425,census_batch,0.95,"Census batch geocoder exact match '2736 GRANT ST, BERKELEY, CA, 94703'; inside Berkeley city",Berkeley city,0606000,Berkeley CCD,"2736 GRANT ST, BERKELEY, CA, 94703"
A0278,1800 FRANKLIN ST,San Francisco,CA,,1919,17,A15,Apartment 15 Units or more,DataSF wv5m-vpq2 (2025 roll),2026-10-01T22:50Z,San Francisco,CA,San Francisco County,37.791147,-122.424101,census_batch,0.95,"Census batch geocoder exact match '1800 FRANKLIN ST, SAN FRANCISCO, CA, 94109'; inside San Francisco city (consolidated City and County of San Francisco)",San Francisco city,0667000,Richmond-Presidio-Marina CCD,"1800 FRANKLIN ST, SAN FRANCISCO, CA, 94109"
A0279,90 KENSINGTON AVE.,Jersey City,NJ,07302,1925,,4C,4S-B-A-17U,NJOGIS Parcels & MOD-IV Composite,2026-10-01T22:50Z,Jersey City,NJ,Hudson County,40.723145,-74.075287,census_oneline,0.8,"Census single-line match for normalised '90 KENSINGTON AVE, Jersey City, NJ 07302' -> '90 KENSINGTON AVE, JERSEY CITY, NJ, 07304'; inside Jersey City city",Jersey City city,3436000,Jersey City city,"90 KENSINGTON AVE, JERSEY CITY, NJ, 07304"
A0280,1215 11TH AV,San Francisco,CA,,1971,6,A5,Apartment 5 to 14 Units,DataSF wv5m-vpq2 (2025 roll),2026-10-01T22:50Z,San Francisco,CA,San Francisco County,37.765473,-122.46863,census_batch,0.95,"Census batch geocoder exact match '1215 11TH AVE, SAN FRANCISCO, CA, 94122'; inside San Francisco city (consolidated City and County of San Francisco)",San Francisco city,0667000,Sunset CCD,"1215 11TH AVE, SAN FRANCISCO, CA, 94122"
A0281,1725 N GOWER ST,Los Angeles,CA,90028,1946,20,0500,Five or more apartments,LA County eGIS parcels,2026-10-01T22:50Z,Los Angeles,CA,Los Angeles County,34.102103,-118.322426,census_batch,0.95,"Census batch geocoder exact match '1725 N GOWER ST, LOS ANGELES, CA, 90028'; inside Los Angeles city",Los Angeles city,0644000,Los Angeles CCD,"1725 N GOWER ST, LOS ANGELES, CA, 90028"
A0282,2240 10TH ST,Berkeley,CA,94710,,,7700,Alameda County use code (5+ units),Alameda County parcels,2026-10-01T22:50Z,Berkeley,CA,Alameda County,37.865429,-122.292299,census_batch,0.95,"Census batch geocoder exact match '2240 10TH ST, BERKELEY, CA, 94710'; inside Berkeley city",Berkeley city,0606000,Berkeley CCD,"2240 10TH ST, BERKELEY, CA, 94710"
A0283,90 BARTLETT ST,San Francisco,CA,,1986,51,A15,Apartment 15 Units or more,DataSF wv5m-vpq2 (2025 roll),2026-10-01T22:50Z,San Francisco,CA,San Francisco County,37.755543,-122.419948,census_batch,0.95,"Census batch geocoder exact match '90 BARTLETT ST, SAN FRANCISCO, CA, 94110'; inside San Francisco city (consolidated City and County of San Francisco)",San Francisco city,0667000,Mission-Bernal CCD,"90 BARTLETT ST, SAN FRANCISCO, CA, 94110"
A0284,345 Columbia St,Cambridge,MA,,1920,9,112,>8-UNIT-APT,Cambridge Property Database FY2026 (waa7-ibdu),2026-10-01T22:50Z,Cambridge,MA,Middlesex County,42.371521,-71.09536,census_batch,0.95,"Census batch geocoder exact match '345 COLUMBIA ST, CAMBRIDGE, MA, 02141'; inside Cambridge city",Cambridge city,2511000,Cambridge city,"345 COLUMBIA ST, CAMBRIDGE, MA, 02141"
A0285,5255 HARMONY AVE,Los Angeles,CA,91601,,8,0500,Five or more apartments,LA County eGIS parcels,2026-10-01T22:50Z,Los Angeles,CA,Los Angeles County,34.165895,-118.366517,census_batch,0.85,"Census batch geocoder non_exact match '5255 HARMONY AVE, NORTH HOLLYWOOD, CA, 91601'; inside Los Angeles city; USPS name 'North Hollywood' is a neighborhood of Los Angeles, same city rules",Los Angeles city,0644000,San Fernando Valley CCD,"5255 HARMONY AVE, NORTH HOLLYWOOD, CA, 91601"
A0286,27 Irving Ter,Cambridge,MA,,1925,29,112,>8-UNIT-APT,Cambridge Property Database FY2026 (waa7-ibdu),2026-10-01T22:50Z,Cambridge,MA,Middlesex County,42.375841,-71.111412,census_batch,0.95,"Census batch geocoder exact match '27 IRVING TER, CAMBRIDGE, MA, 02138'; inside Cambridge city",Cambridge city,2511000,Cambridge city,"27 IRVING TER, CAMBRIDGE, MA, 02138"
A0287,404 GRAND ST,Hoboken,NJ,07075,,,4C,4B-7U-H-BA,NJOGIS Parcels & MOD-IV Composite,2026-10-01T22:50Z,Hoboken,NJ,Hudson County,40.742295,-74.035273,census_batch,0.95,"Census batch geocoder exact match '404 GRAND ST, HOBOKEN, NJ, 07030'; inside Hoboken city; source ZIP 07075 is not a Hoboken ZIP and was ignored",Hoboken city,3432250,Hoboken city,"404 GRAND ST, HOBOKEN, NJ, 07030"
A0288,75 CLENDENNY AVE.,Jersey City,NJ,11211,,,4C,3S-B-12U,NJOGIS Parcels & MOD-IV Composite,2026-10-01T22:50Z,Jersey City,NJ,Hudson County,40.718013,-74.081173,census_batch,0.95,"Census batch geocoder exact match '75 CLENDENNY AVE, JERSEY CITY, NJ, 07304'; inside Jersey City city; source ZIP 11211 is not a Jersey City ZIP and was ignored",Jersey City city,3436000,Jersey City city,"75 CLENDENNY AVE, JERSEY CITY, NJ, 07304"
A0289,1741 M L KING JR WAY,Berkeley,CA,94709,,,7700,Alameda County use code (5+ units),Alameda County parcels,2026-10-01T22:50Z,Berkeley,CA,Alameda County,37.874874,-122.273285,census_batch,0.95,"Census batch geocoder exact match '1741 MARTIN LUTHER KING JR WAY, BERKELEY, CA, 94709'; inside Berkeley city",Berkeley city,0606000,Berkeley CCD,"1741 MARTIN LUTHER KING JR WAY, BERKELEY, CA, 94709"
A0290,21 Forest St,Cambridge,MA,,1880,10,112,>8-UNIT-APT,Cambridge Property Database FY2026 (waa7-ibdu),2026-10-01T22:50Z,Cambridge,MA,Middlesex County,42.385243,-71.116198,census_batch,0.95,"Census batch geocoder exact match '21 FOREST ST, CAMBRIDGE, MA, 02140'; inside Cambridge city",Cambridge city,2511000,Cambridge city,"21 FOREST ST, CAMBRIDGE, MA, 02140"
A0291,165 Cambridgepark Dr,Cambridge,MA,,2014,244,112,>8-UNIT-APT,Cambridge Property Database FY2026 (waa7-ibdu),2026-10-01T22:50Z,Cambridge,MA,Middlesex County,42.395099,-71.146981,census_oneline,0.8,"Census single-line match for normalised '165 CAMBRIDGEPARK DR, Cambridge, MA' -> '165 CAMBRIDGEPARK DR, CAMBRIDGE, MA, 02140'; inside Cambridge city",Cambridge city,2511000,Cambridge city,"165 CAMBRIDGEPARK DR, CAMBRIDGE, MA, 02140"
A0292,24 Berkshire St,Cambridge,MA,,2019,6,111,4-8-UNIT-APT,Cambridge Property Database FY2026 (waa7-ibdu),2026-10-01T22:50Z,Cambridge,MA,Middlesex County,42.368859,-71.091629,census_batch,0.95,"Census batch geocoder exact match '24 BERKSHIRE ST, CAMBRIDGE, MA, 02141'; inside Cambridge city",Cambridge city,2511000,Cambridge city,"24 BERKSHIRE ST, CAMBRIDGE, MA, 02141"
A0293,1314 NATOMA ST,San Francisco,CA,,1907,6,A5,Apartment 5 to 14 Units,DataSF wv5m-vpq2 (2025 roll),2026-10-01T22:50Z,San Francisco,CA,San Francisco County,37.768086,-122.418602,census_batch,0.95,"Census batch geocoder exact match '1314 NATOMA ST, SAN FRANCISCO, CA, 94103'; inside San Francisco city (consolidated City and County of San Francisco)",San Francisco city,0667000,Mission-Bernal CCD,"1314 NATOMA ST, SAN FRANCISCO, CA, 94103"
A0294,178 Richdale Ave,Cambridge,MA,,1920,6,111,4-8-UNIT-APT,Cambridge Property Database FY2026 (waa7-ibdu),2026-10-01T22:50Z,Cambridge,MA,Middlesex County,42.389122,-71.126525,census_batch,0.95,"Census batch geocoder exact match '178 RICHDALE AVE, CAMBRIDGE, MA, 02140'; inside Cambridge city",Cambridge city,2511000,Cambridge city,"178 RICHDALE AVE, CAMBRIDGE, MA, 02140"
A0295,Harvard ST LOT 2A-13,Dorchester,MA,02124,2019,,A/125,SUBSD HOUSING S- 8,Boston Property Assessment FY2026,2026-10-01T22:50Z,Boston,MA,Suffolk County,42.287743,-71.093749,osm_street_level+census_coords,0.55,"source record has no house number; OpenStreetMap street-level point 'Harvard Street, Dorchester, Boston, Suffolk County, Massachusetts, 02126, United States' used, place from Census coordinates (street could cross a city line: check); postal city 'Dorchester' is a mailing name, legal city is Boston (Boston city)",Boston city,2507000,Boston city,"Harvard Street, Dorchester, Boston, Suffolk County, Massachusetts, 02126, United States"
A0296,83-85 MCWHORTER ST,Newark,NJ,07105,,,4C,4SB,NJOGIS Parcels & MOD-IV Composite,2026-10-01T22:50Z,Newark,NJ,Essex County,40.730201,-74.166165,census_batch,0.95,"Census batch geocoder exact match '83 MCWHORTER ST, NEWARK, NJ, 07105'; inside Newark city",Newark city,3451000,Newark city,"83 MCWHORTER ST, NEWARK, NJ, 07105"
A0297,211-213 SUMMER AVE,Newark,NJ,11205,,,4C,4SB,NJOGIS Parcels & MOD-IV Composite,2026-10-01T22:50Z,Newark,NJ,Essex County,40.758859,-74.171723,census_batch,0.95,"Census batch geocoder exact match '211 SUMMER AVE, NEWARK, NJ, 07104'; inside Newark city; source ZIP 11205 is not a Newark ZIP and was ignored",Newark city,3451000,Newark city,"211 SUMMER AVE, NEWARK, NJ, 07104"
A0298,361 Washington St,Cambridge,MA,,1900,6,111,4-8-UNIT-APT,Cambridge Property Database FY2026 (waa7-ibdu),2026-10-01T22:50Z,Cambridge,MA,Middlesex County,42.365668,-71.099393,census_batch,0.95,"Census batch geocoder exact match '361 WASHINGTON ST, CAMBRIDGE, MA, 02139'; inside Cambridge city",Cambridge city,2511000,Cambridge city,"361 WASHINGTON ST, CAMBRIDGE, MA, 02139"
A0299,1037 WASHINGTON ST,Hoboken,NJ,10994,,,4C,4B-8U-BA,NJOGIS Parcels & MOD-IV Composite,2026-10-01T22:50Z,Hoboken,NJ,Hudson County,40.74905,-74.027267,census_batch,0.95,"Census batch geocoder exact match '1037 WASHINGTON ST, HOBOKEN, NJ, 07030'; inside Hoboken city; source ZIP 10994 is not a Hoboken ZIP and was ignored",Hoboken city,3432250,Hoboken city,"1037 WASHINGTON ST, HOBOKEN, NJ, 07030"
A0300,36 Trowbridge St,Cambridge,MA,,1920,5,111,4-8-UNIT-APT,Cambridge Property Database FY2026 (waa7-ibdu),2026-10-01T22:50Z,Cambridge,MA,Middlesex County,42.371851,-71.111649,census_batch,0.95,"Census batch geocoder exact match '36 TROWBRIDGE ST, CAMBRIDGE, MA, 02138'; inside Cambridge city",Cambridge city,2511000,Cambridge city,"36 TROWBRIDGE ST, CAMBRIDGE, MA, 02138"
A0301,165 Hampshire St,Cambridge,MA,,1905,6,111,4-8-UNIT-APT,Cambridge Property Database FY2026 (waa7-ibdu),2026-10-01T22:50Z,Cambridge,MA,Middlesex County,42.371843,-71.098439,census_batch,0.95,"Census batch geocoder exact match '165 HAMPSHIRE ST, CAMBRIDGE, MA, 02139'; inside Cambridge city",Cambridge city,2511000,Cambridge city,"165 HAMPSHIRE ST, CAMBRIDGE, MA, 02139"
A0302,4-6 Clinton St,Cambridge,MA,,1900,8,111,4-8-UNIT-APT,Cambridge Property Database FY2026 (waa7-ibdu),2026-10-01T22:50Z,Cambridge,MA,Middlesex County,42.367477,-71.106865,census_batch,0.95,"Census batch geocoder exact match '4 CLINTON ST, CAMBRIDGE, MA, 02139'; inside Cambridge city",Cambridge city,2511000,Cambridge city,"4 CLINTON ST, CAMBRIDGE, MA, 02139"
A0303,188 E 35TH ST,Los Angeles,CA,90011,1909,10,0500,Five or more apartments,LA County eGIS parcels,2026-10-01T22:50Z,Los Angeles,CA,Los Angeles County,34.016877,-118.271172,census_batch,0.95,"Census batch geocoder exact match '188 E 35TH ST, LOS ANGELES, CA, 90011'; inside Los Angeles city",Los Angeles city,0644000,Los Angeles CCD,"188 E 35TH ST, LOS ANGELES, CA, 90011"
A0304,4541 HAMILTON ST,San Diego,CA,92116,,7,14,SANDAG asr_landuse 14-16 (5+ units),SANDAG/SanGIS parcels,2026-10-01T22:50Z,San Diego,CA,San Diego County,32.759898,-117.136297,census_batch,0.95,"Census batch geocoder exact match '4541 HAMILTON ST, SAN DIEGO, CA, 92116'; inside San Diego city",San Diego city,0666000,San Diego CCD,"4541 HAMILTON ST, SAN DIEGO, CA, 92116"
A0305,638 45TH AV,San Francisco,CA,,1908,5,A5,Apartment 5 to 14 Units,DataSF wv5m-vpq2 (2025 roll),2026-10-01T22:50Z,San Francisco,CA,San Francisco County,37.776457,-122.505895,census_batch,0.95,"Census batch geocoder exact match '638 45TH AVE, SAN FRANCISCO, CA, 94121'; inside San Francisco city (consolidated City and County of San Francisco)",San Francisco city,0667000,Richmond-Presidio-Marina CCD,"638 45TH AVE, SAN FRANCISCO, CA, 94121"
A0306,335A Harvard St,Cambridge,MA,,1920,17,112,>8-UNIT-APT,Cambridge Property Database FY2026 (waa7-ibdu),2026-10-01T22:50Z,Cambridge,MA,Middlesex County,42.370716,-71.10909,census_batch,0.85,"Census batch geocoder non_exact match '335A HARVARD ST, CAMBRIDGE, MA, 02139'; inside Cambridge city",Cambridge city,2511000,Cambridge city,"335A HARVARD ST, CAMBRIDGE, MA, 02139"
A0307,294-296 VAN BUREN ST,Newark,NJ,07512,,,4C,3SB3UG,NJOGIS Parcels & MOD-IV Composite,2026-10-01T22:50Z,Newark,NJ,Essex County,40.721887,-74.160773,census_batch,0.95,"Census batch geocoder exact match '294 VAN BUREN ST, NEWARK, NJ, 07105'; inside Newark city; source ZIP 07512 is not a Newark ZIP and was ignored",Newark city,3451000,Newark city,"294 VAN BUREN ST, NEWARK, NJ, 07105"
A0308,1032 HUDSON ST,Hoboken,NJ,07024,,,4C,5B-11U-H-BA-G,NJOGIS Parcels & MOD-IV Composite,2026-10-01T22:50Z,Hoboken,NJ,Hudson County,40.748749,-74.026323,census_batch,0.95,"Census batch geocoder exact match '1032 HUDSON ST, HOBOKEN, NJ, 07030'; inside Hoboken city; source ZIP 07024 is not a Hoboken ZIP and was ignored",Hoboken city,3432250,Hoboken city,"1032 HUDSON ST, HOBOKEN, NJ, 07030"
A0309,1706 N STANLEY AVE,Los Angeles,CA,90046,1951,6,0500,Five or more apartments,LA County eGIS parcels,2026-10-01T22:50Z,Los Angeles,CA,Los Angeles County,34.101835,-118.356114,census_batch,0.95,"Census batch geocoder exact match '1706 N STANLEY AVE, LOS ANGELES, CA, 90046'; inside Los Angeles city",Los Angeles city,0644000,Los Angeles CCD,"1706 N STANLEY AVE, LOS ANGELES, CA, 90046"
A0310,53-55 Ashford ST,Allston,MA,02134,1900,,A/112,APT 7-30 UNITS,Boston Property Assessment FY2026,2026-10-01T22:50Z,Boston,MA,Suffolk County,42.354511,-71.126614,census_batch,0.95,"Census batch geocoder exact match '53 ASHFORD ST, ALLSTON, MA, 02134'; postal city 'Allston' is a mailing name, legal city is Boston (Boston city)",Boston city,2507000,Boston city,"53 ASHFORD ST, ALLSTON, MA, 02134"
A0311,38-38- SOMME ST,Newark,NJ,07032,,,4C,2.5S.F.,NJOGIS Parcels & MOD-IV Composite,2026-10-01T22:50Z,Newark,NJ,Essex County,40.731405,-74.150647,census_batch,0.95,"Census batch geocoder exact match '38 SOMME ST, NEWARK, NJ, 07105'; inside Newark city; source ZIP 07032 is not a Newark ZIP and was ignored",Newark city,3451000,Newark city,"38 SOMME ST, NEWARK, NJ, 07105"
A0312,25 ORLANDO ST,Mattapan,MA,02126,1965,,A/125,SUBSD HOUSING S- 8,Boston Property Assessment FY2026,2026-10-01T22:50Z,Boston,MA,Suffolk County,42.274643,-71.099108,census_batch,0.95,"Census batch geocoder exact match '25 ORLANDO ST, MATTAPAN, MA, 02126'; postal city 'Mattapan' is a mailing name, legal city is Boston (Boston city)",Boston city,2507000,Boston city,"25 ORLANDO ST, MATTAPAN, MA, 02126"
A0313,317-319 W RUNYON ST,Newark,NJ,11205,,,4C,3SF,NJOGIS Parcels & MOD-IV Composite,2026-10-01T22:50Z,Newark,NJ,Essex County,40.71948,-74.209122,census_batch,0.95,"Census batch geocoder exact match '317 W RUNYON ST, NEWARK, NJ, 07108'; inside Newark city; source ZIP 11205 is not a Newark ZIP and was ignored",Newark city,3451000,Newark city,"317 W RUNYON ST, NEWARK, NJ, 07108"
A0314,6640 LELAND WAY,Los Angeles,CA,90028,1919,7,0500,Five or more apartments,LA County eGIS parcels,2026-10-01T22:50Z,Los Angeles,CA,Los Angeles County,34.096954,-118.334063,census_batch,0.95,"Census batch geocoder exact match '6640 LELAND WAY, LOS ANGELES, CA, 90028'; inside Los Angeles city",Los Angeles city,0644000,Los Angeles CCD,"6640 LELAND WAY, LOS ANGELES, CA, 90028"
A0315,5233 CARTWRIGHT AVE,Los Angeles,CA,91601,1990,8,0500,Five or more apartments,LA County eGIS parcels,2026-10-01T22:50Z,Los Angeles,CA,Los Angeles County,34.165517,-118.363242,census_batch,0.85,"Census batch geocoder non_exact match '5233 CARTWRIGHT AVE, NORTH HOLLYWOOD, CA, 91601'; inside Los Angeles city; USPS name 'North Hollywood' is a neighborhood of Los Angeles, same city rules",Los Angeles city,0644000,San Fernando Valley CCD,"5233 CARTWRIGHT AVE, NORTH HOLLYWOOD, CA, 91601"
A0316,3978 FLORIDA ST,San Diego,CA,92104,,8,14,SANDAG asr_landuse 14-16 (5+ units),SANDAG/SanGIS parcels,2026-10-01T22:50Z,San Diego,CA,San Diego County,32.749889,-117.143806,census_batch,0.95,"Census batch geocoder exact match '3978 FLORIDA ST, SAN DIEGO, CA, 92104'; inside San Diego city",San Diego city,0666000,San Diego CCD,"3978 FLORIDA ST, SAN DIEGO, CA, 92104"
A0317,2233 CHANNING WAY,Berkeley,CA,94704,,,7700,Alameda County use code (5+ units),Alameda County parcels,2026-10-01T22:50Z,Berkeley,CA,Alameda County,37.866269,-122.264364,census_batch,0.95,"Census batch geocoder exact match '2233 CHANNING WAY, BERKELEY, CA, 94704'; inside Berkeley city",Berkeley city,0606000,Berkeley CCD,"2233 CHANNING WAY, BERKELEY, CA, 94704"
A0318,2041 FRANCISCO ST,Berkeley,CA,94709,,,7700,Alameda County use code (5+ units),Alameda County parcels,2026-10-01T22:50Z,Berkeley,CA,Alameda County,37.87552,-122.270236,census_batch,0.95,"Census batch geocoder exact match '2041 FRANCISCO ST, BERKELEY, CA, 94709'; inside Berkeley city",Berkeley city,0606000,Berkeley CCD,"2041 FRANCISCO ST, BERKELEY, CA, 94709"
A0319,2315 GRANT ST,Berkeley,CA,94703,,,7700,Alameda County use code (5+ units),Alameda County parcels,2026-10-01T22:50Z,Berkeley,CA,Alameda County,37.866408,-122.274697,census_batch,0.95,"Census batch geocoder exact match '2315 GRANT ST, BERKELEY, CA, 94703'; inside Berkeley city",Berkeley city,0606000,Berkeley CCD,"2315 GRANT ST, BERKELEY, CA, 94703"
A0320,408 MADISON ST,Hoboken,NJ,07030,,,4C,4F-6U,NJOGIS Parcels & MOD-IV Composite,2026-10-01T22:50Z,Hoboken,NJ,Hudson County,40.742823,-74.038062,census_batch,0.95,"Census batch geocoder exact match '408 MADISON ST, HOBOKEN, NJ, 07030'; inside Hoboken city",Hoboken city,3432250,Hoboken city,"408 MADISON ST, HOBOKEN, NJ, 07030"
A0321,200 NUNDA AVE.,Jersey City,NJ,07306,,,4C,3S-F-D-7U-NH,NJOGIS Parcels & MOD-IV Composite,2026-10-01T22:50Z,Jersey City,NJ,Hudson County,40.729025,-74.079222,census_batch,0.95,"Census batch geocoder exact match '200 NUNDA AVE, JERSEY CITY, NJ, 07306'; inside Jersey City city",Jersey City city,3436000,Jersey City city,"200 NUNDA AVE, JERSEY CITY, NJ, 07306"
A0322,227 CYPRESS DR,San Ysidro,CA,92173,,31,15,SANDAG asr_landuse 14-16 (5+ units),SANDAG/SanGIS parcels,2026-10-01T22:50Z,San Diego,CA,San Diego County,32.555471,-117.045152,census_batch,0.95,"Census batch geocoder exact match '227 CYPRESS DR, SAN YSIDRO, CA, 92173'; postal city 'San Ysidro' is a mailing name, legal city is San Diego (San Diego city)",San Diego city,0666000,San Diego CCD,"227 CYPRESS DR, SAN YSIDRO, CA, 92173"
A0323,4627 COMPTON AVE,Los Angeles,CA,90011,1907,5,0500,Five or more apartments,LA County eGIS parcels,2026-10-01T22:50Z,Los Angeles,CA,Los Angeles County,34.001633,-118.24784,census_batch,0.95,"Census batch geocoder exact match '4627 COMPTON AVE, LOS ANGELES, CA, 90011'; inside Los Angeles city",Los Angeles city,0644000,Los Angeles CCD,"4627 COMPTON AVE, LOS ANGELES, CA, 90011"
A0324,2003 FRANKLIN ST,San Francisco,CA,,1885,6,A5,Apartment 5 to 14 Units,DataSF wv5m-vpq2 (2025 roll),2026-10-01T22:50Z,San Francisco,CA,San Francisco County,37.792904,-122.424604,census_batch,0.95,"Census batch geocoder exact match '2003 FRANKLIN ST, SAN FRANCISCO, CA, 94109'; inside San Francisco city (consolidated City and County of San Francisco)",San Francisco city,0667000,Richmond-Presidio-Marina CCD,"2003 FRANKLIN ST, SAN FRANCISCO, CA, 94109"
A0325,38A GAUTIER AVE.,Jersey City,NJ,07302,1925,,4C,4S-B-A-21U,NJOGIS Parcels & MOD-IV Composite,2026-10-01T22:50Z,Jersey City,NJ,Hudson County,40.72614,-74.079307,census_batch,0.85,"Census batch geocoder non_exact match '38A GAUTIER AVE, JERSEY CITY, NJ, 07306'; inside Jersey City city",Jersey City city,3436000,Jersey City city,"38A GAUTIER AVE, JERSEY CITY, NJ, 07306"
A0326,46 JEFFERSON ST,Newark,NJ,07105,,,4C,4SB,NJOGIS Parcels & MOD-IV Composite,2026-10-01T22:50Z,Newark,NJ,Essex County,40.731192,-74.160114,census_batch,0.95,"Census batch geocoder exact match '46 JEFFERSON ST, NEWARK, NJ, 07105'; inside Newark city",Newark city,3451000,Newark city,"46 JEFFERSON ST, NEWARK, NJ, 07105"
A0327,1605 N MARTEL AVE,Los Angeles,CA,90046,1954,36,0501,Five or more apartments,LA County eGIS parcels,2026-10-01T22:50Z,Los Angeles,CA,Los Angeles County,34.099943,-118.350241,census_batch,0.95,"Census batch geocoder exact match '1605 N MARTEL AVE, LOS ANGELES, CA, 90046'; inside Los Angeles city",Los Angeles city,0644000,Los Angeles CCD,"1605 N MARTEL AVE, LOS ANGELES, CA, 90046"
A0328,1845 08TH AV,San Francisco,CA,,1960,6,A5,Apartment 5 to 14 Units,DataSF wv5m-vpq2 (2025 roll),2026-10-01T22:50Z,San Francisco,CA,San Francisco County,37.753911,-122.464604,census_batch,0.95,"Census batch geocoder exact match '1845 8TH AVE, SAN FRANCISCO, CA, 94122'; inside San Francisco city (consolidated City and County of San Francisco)",San Francisco city,0667000,Sunset CCD,"1845 8TH AVE, SAN FRANCISCO, CA, 94122"
A0329,51 MADISON ST,Newark,NJ,07105,,,4C,3SB,NJOGIS Parcels & MOD-IV Composite,2026-10-01T22:50Z,Newark,NJ,Essex County,40.730937,-74.159408,census_batch,0.95,"Census batch geocoder exact match '51 MADISON ST, NEWARK, NJ, 07105'; inside Newark city",Newark city,3451000,Newark city,"51 MADISON ST, NEWARK, NJ, 07105"
A0330,5229 WILLOWCREST AVE,Los Angeles,CA,91601,2018,24,0500,Five or more apartments,LA County eGIS parcels,2026-10-01T22:50Z,Los Angeles,CA,Los Angeles County,34.165448,-118.3622,census_batch,0.85,"Census batch geocoder non_exact match '5229 WILLOWCREST AVE, NORTH HOLLYWOOD, CA, 91601'; inside Los Angeles city; USPS name 'North Hollywood' is a neighborhood of Los Angeles, same city rules",Los Angeles city,0644000,San Fernando Valley CCD,"5229 WILLOWCREST AVE, NORTH HOLLYWOOD, CA, 91601"
A0331,342-344 IRVINE TURNER BLV,Newark,NJ,11219,1910,,4C,2.5SF4UG,NJOGIS Parcels & MOD-IV Composite,2026-10-01T22:50Z,Newark,NJ,Essex County,40.722575,-74.193293,census_batch,0.95,"Census batch geocoder exact match '342 IRVINE TURNER BLVD, NEWARK, NJ, 07108'; inside Newark city; source ZIP 11219 is not a Newark ZIP and was ignored",Newark city,3451000,Newark city,"342 IRVINE TURNER BLVD, NEWARK, NJ, 07108"
A0332,26 SONOMA ST,Dorchester,MA,02121,,,A/125,SUBSD HOUSING S- 8,Boston Property Assessment FY2026,2026-10-01T22:50Z,Boston,MA,Suffolk County,42.308191,-71.086857,census_batch,0.95,"Census batch geocoder exact match '26 SONOMA ST, DORCHESTER, MA, 02121'; postal city 'Dorchester' is a mailing name, legal city is Boston (Boston city)",Boston city,2507000,Boston city,"26 SONOMA ST, DORCHESTER, MA, 02121"
A0333,3752 33RD ST,San Diego,CA,92104,,8,14,SANDAG asr_landuse 14-16 (5+ units),SANDAG/SanGIS parcels,2026-10-01T22:50Z,San Diego,CA,San Diego County,32.746102,-117.122934,census_batch,0.95,"Census batch geocoder exact match '3752 33RD ST, SAN DIEGO, CA, 92104'; inside San Diego city",San Diego city,0666000,San Diego CCD,"3752 33RD ST, SAN DIEGO, CA, 92104"
A0334,2025 FRANCISCO ST,Berkeley,CA,94709,,,7700,Alameda County use code (5+ units),Alameda County parcels,2026-10-01T22:50Z,Berkeley,CA,Alameda County,37.875475,-122.270587,census_batch,0.95,"Census batch geocoder exact match '2025 FRANCISCO ST, BERKELEY, CA, 94709'; inside Berkeley city",Berkeley city,0606000,Berkeley CCD,"2025 FRANCISCO ST, BERKELEY, CA, 94709"
A0335,125 BEMIS ST,San Francisco,CA,,1968,10,A5,Apartment 5 to 14 Units,DataSF wv5m-vpq2 (2025 roll),2026-10-01T22:50Z,San Francisco,CA,San Francisco County,37.737183,-122.430367,census_batch,0.95,"Census batch geocoder exact match '125 BEMIS ST, SAN FRANCISCO, CA, 94131'; inside San Francisco city (consolidated City and County of San Francisco)",San Francisco city,0667000,Western Addition-Buena Vista-Eureka Valley CCD,"125 BEMIS ST, SAN FRANCISCO, CA, 94131"
A0336,151 North First St,Cambridge,MA,,2020,468,112,MXD >8-UNIT-APT,Cambridge Property Database FY2026 (waa7-ibdu),2026-10-01T22:50Z,Cambridge,MA,Middlesex County,42.372482,-71.075527,census_batch,0.95,"Census batch geocoder exact match '151 N FIRST ST, CAMBRIDGE, MA, 02141'; inside Cambridge city",Cambridge city,2511000,Cambridge city,"151 N FIRST ST, CAMBRIDGE, MA, 02141"
A0337,66 MONROE ST,Newark,NJ,07032,,,4C,4S.B,NJOGIS Parcels & MOD-IV Composite,2026-10-01T22:50Z,Newark,NJ,Essex County,40.730254,-74.158992,census_batch,0.95,"Census batch geocoder exact match '66 MONROE ST, NEWARK, NJ, 07105'; inside Newark city; source ZIP 07032 is not a Newark ZIP and was ignored",Newark city,3451000,Newark city,"66 MONROE ST, NEWARK, NJ, 07105"
A0338,521-523 S 17TH,Newark,NJ,07417,,,4C,3SF,NJOGIS Parcels & MOD-IV Composite,2026-10-01T22:50Z,Newark,NJ,Essex County,40.738188,-74.208398,census_batch,0.85,"Census batch geocoder non_exact match '521 S 17TH ST, NEWARK, NJ, 07103'; inside Newark city; source ZIP 07417 is not a Newark ZIP and was ignored",Newark city,3451000,Newark city,"521 S 17TH ST, NEWARK, NJ, 07103"
A0339,124 Berkshire St,Cambridge,MA,,1920,8,111,4-8-UNIT-APT,Cambridge Property Database FY2026 (waa7-ibdu),2026-10-01T22:50Z,Cambridge,MA,Middlesex County,42.371616,-71.090029,census_batch,0.95,"Census batch geocoder exact match '124 BERKSHIRE ST, CAMBRIDGE, MA, 02141'; inside Cambridge city",Cambridge city,2511000,Cambridge city,"124 BERKSHIRE ST, CAMBRIDGE, MA, 02141"
A0340,14735 ROSCOE BLVD,Los Angeles,CA,91402,1959,50,0500,Five or more apartments,LA County eGIS parcels,2026-10-01T22:50Z,Los Angeles,CA,Los Angeles County,34.221547,-118.454599,census_batch,0.85,"Census batch geocoder non_exact match '14735 ROSCOE BLVD, PANORAMA CITY, CA, 91402'; inside Los Angeles city; USPS name 'Panorama City' is a neighborhood of Los Angeles, same city rules",Los Angeles city,0644000,San Fernando Valley CCD,"14735 ROSCOE BLVD, PANORAMA CITY, CA, 91402"
A0341,4225 50TH ST,San Diego,CA,92115,,6,14,SANDAG asr_landuse 14-16 (5+ units),SANDAG/SanGIS parcels,2026-10-01T22:50Z,San Diego,CA,San Diego County,32.753522,-117.086788,census_batch,0.95,"Census batch geocoder exact match '4225 50TH ST, SAN DIEGO, CA, 92115'; inside San Diego city",San Diego city,0666000,San Diego CCD,"4225 50TH ST, SAN DIEGO, CA, 92115"
A0342,49 Roseland St,Cambridge,MA,,1910,6,111,4-8-UNIT-APT,Cambridge Property Database FY2026 (waa7-ibdu),2026-10-01T22:50Z,Cambridge,MA,Middlesex County,42.386748,-71.116973,census_batch,0.95,"Census batch geocoder exact match '49 ROSELAND ST, CAMBRIDGE, MA, 02140'; inside Cambridge city",Cambridge city,2511000,Cambridge city,"49 ROSELAND ST, CAMBRIDGE, MA, 02140"
A0343,408-410 5TH ST,Newark,NJ,10997,,,4C,4SB,NJOGIS Parcels & MOD-IV Composite,2026-10-01T22:50Z,Newark,NJ,Essex County,40.762181,-74.1843,census_batch,0.85,"Census batch geocoder non_exact match '410 N 5TH ST, NEWARK, NJ, 07107'; inside Newark city; source ZIP 10997 is not a Newark ZIP and was ignored",Newark city,3451000,Newark city,"410 N 5TH ST, NEWARK, NJ, 07107"
A0344,238 & 242 GARFIELD AVE.,Jersey City,NJ,07304,1928,,4C,4S-B-44U,NJOGIS Parcels & MOD-IV Composite,2026-10-01T22:50Z,Jersey City,NJ,Hudson County,40.692155,-74.09127,census_batch,0.85,"Census batch geocoder non_exact match '238 GARFIELD AVE, JERSEY CITY, NJ, 07305'; inside Jersey City city",Jersey City city,3436000,Jersey City city,"238 GARFIELD AVE, JERSEY CITY, NJ, 07305"
A0345,153 W VERNON AVE,Los Angeles,CA,90037,1921,5,0500,Five or more apartments,LA County eGIS parcels,2026-10-01T22:50Z,Los Angeles,CA,Los Angeles County,34.003876,-118.275158,census_batch,0.95,"Census batch geocoder exact match '153 W VERNON AVE, LOS ANGELES, CA, 90037'; inside Los Angeles city",Los Angeles city,0644000,Los Angeles CCD,"153 W VERNON AVE, LOS ANGELES, CA, 90037"
A0346,AUBURN DR,San Diego,CA,92105,,8,14,SANDAG asr_landuse 14-16 (5+ units),SANDAG/SanGIS parcels,2026-10-01T22:50Z,San Diego,CA,San Diego County,32.741861,-117.088758,osm_street_level+census_coords,0.55,"source record has no house number; OpenStreetMap street-level point 'Auburn Drive, Somali Town, Fox Canyon, City Heights, San Diego, San Diego County, Californ' used, place from Census coordinates (street could cross a city line: check); inside San Diego city",San Diego city,0666000,San Diego CCD,"Auburn Drive, Somali Town, Fox Canyon, City Heights, San Diego, San Diego County, Californ"
A0347,2142 2ND AVE,San Diego,CA,92101,,9,14,SANDAG asr_landuse 14-16 (5+ units),SANDAG/SanGIS parcels,2026-10-01T22:50Z,San Diego,CA,San Diego County,32.727653,-117.163066,census_batch,0.95,"Census batch geocoder exact match '2142 2ND AVE, SAN DIEGO, CA, 92101'; inside San Diego city",San Diego city,0666000,San Diego CCD,"2142 2ND AVE, SAN DIEGO, CA, 92101"
A0348,229 CLINTON ST,Hoboken,NJ,08755,,,4C,4F-7U,NJOGIS Parcels & MOD-IV Composite,2026-10-01T22:50Z,Hoboken,NJ,Hudson County,40.739877,-74.03485,census_batch,0.95,"Census batch geocoder exact match '229 CLINTON ST, HOBOKEN, NJ, 07030'; inside Hoboken city; source ZIP 08755 is not a Hoboken ZIP and was ignored",Hoboken city,3432250,Hoboken city,"229 CLINTON ST, HOBOKEN, NJ, 07030"
A0349,2400 DANA ST,Berkeley,CA,94704,,,7700,Alameda County use code (5+ units),Alameda County parcels,2026-10-01T22:50Z,Berkeley,CA,Alameda County,37.866569,-122.261164,census_batch,0.95,"Census batch geocoder exact match '2400 DANA ST, BERKELEY, CA, 94704'; inside Berkeley city",Berkeley city,0606000,Berkeley CCD,"2400 DANA ST, BERKELEY, CA, 94704"
A0350,1051 WEST SIDE AVE.,Jersey City,NJ,07446,1900,,4C,3S-B-D-6U-NH,NJOGIS Parcels & MOD-IV Composite,2026-10-01T22:50Z,Jersey City,NJ,Hudson County,40.735169,-74.070961,census_batch,0.95,"Census batch geocoder exact match '1051 W SIDE AVE, JERSEY CITY, NJ, 07306'; inside Jersey City city; source ZIP 07446 is not a Jersey City ZIP and was ignored",Jersey City city,3436000,Jersey City city,"1051 W SIDE AVE, JERSEY CITY, NJ, 07306"
A0351,628 HYDE ST,San Francisco,CA,,1907,7,A5,Apartment 5 to 14 Units,DataSF wv5m-vpq2 (2025 roll),2026-10-01T22:50Z,San Francisco,CA,San Francisco County,37.78661,-122.416437,census_batch,0.95,"Census batch geocoder exact match '628 HYDE ST, SAN FRANCISCO, CA, 94109'; inside San Francisco city (consolidated City and County of San Francisco)",San Francisco city,0667000,Downtown-Northeast Neighborhoods-Treasure Island CCD,"628 HYDE ST, SAN FRANCISCO, CA, 94109"
A0352,40-42 MT PROSPECT AVE,Newark,NJ,07083,1900,,4C,3SB,NJOGIS Parcels & MOD-IV Composite,2026-10-01T22:50Z,Newark,NJ,Essex County,40.753102,-74.177853,census_oneline,0.8,"Census single-line match for normalised '40 MT PROSPECT AVE, Newark, NJ' -> '40 MT PROSPECT AVE, NEWARK, NJ, 07104'; inside Newark city; source ZIP 07083 is not a Newark ZIP and was ignored",Newark city,3451000,Newark city,"40 MT PROSPECT AVE, NEWARK, NJ, 07104"
A0353,1044 E JEFFERSON BLVD,Los Angeles,CA,90011,,,0500,Five or more apartments,LA County eGIS parcels,2026-10-01T22:50Z,Los Angeles,CA,Los Angeles County,34.012089,-118.257806,census_batch,0.95,"Census batch geocoder exact match '1044 E JEFFERSON BLVD, LOS ANGELES, CA, 90011'; inside Los Angeles city",Los Angeles city,0644000,Los Angeles CCD,"1044 E JEFFERSON BLVD, LOS ANGELES, CA, 90011"
A0354,73 LUBEC ST,East Boston,MA,02128,1899,,A/112,APT 7-30 UNITS,Boston Property Assessment FY2026,2026-10-01T22:50Z,Boston,MA,Suffolk County,42.370722,-71.033001,census_batch,0.95,"Census batch geocoder exact match '73 LUBEC ST, EAST BOSTON, MA, 02128'; postal city 'East Boston' is a mailing name, legal city is Boston (Boston city)",Boston city,2507000,Boston city,"73 LUBEC ST, EAST BOSTON, MA, 02128"
A0355,10701 AMESTOY AVE,Los Angeles,CA,91344,1986,7,0500,Five or more apartments,LA County eGIS parcels,2026-10-01T22:50Z,Los Angeles,CA,Los Angeles County,34.264857,-118.506706,census_batch,0.85,"Census batch geocoder non_exact match '10701 AMESTOY AVE, GRANADA HILLS, CA, 91344'; inside Los Angeles city; USPS name 'Granada Hills' is a neighborhood of Los Angeles, same city rules",Los Angeles city,0644000,San Fernando Valley CCD,"10701 AMESTOY AVE, GRANADA HILLS, CA, 91344"
A0356,16 Brainerd RD,Allston,MA,02134,1930,,A/112,APT 7-30 UNITS,Boston Property Assessment FY2026,2026-10-01T22:50Z,Boston,MA,Suffolk County,42.348859,-71.13063,census_batch,0.95,"Census batch geocoder exact match '16 BRAINERD RD, ALLSTON, MA, 02134'; postal city 'Allston' is a mailing name, legal city is Boston (Boston city)",Boston city,2507000,Boston city,"16 BRAINERD RD, ALLSTON, MA, 02134"
A0357,173 07TH ST,San Francisco,CA,,1997,29,A15,Apartment 15 Units or more,DataSF wv5m-vpq2 (2025 roll),2026-10-01T22:50Z,San Francisco,CA,San Francisco County,37.77818,-122.40954,census_batch,0.95,"Census batch geocoder exact match '173 7TH ST, SAN FRANCISCO, CA, 94103'; inside San Francisco city (consolidated City and County of San Francisco)",San Francisco city,0667000,Downtown-Northeast Neighborhoods-Treasure Island CCD,"173 7TH ST, SAN FRANCISCO, CA, 94103"
A0358,717 N 6TH ST,Newark,NJ,07110,,,4C,3SB-2UG,NJOGIS Parcels & MOD-IV Composite,2026-10-01T22:50Z,Newark,NJ,Essex County,40.773923,-74.179008,census_batch,0.85,"Census batch geocoder non_exact match '717 N 6TH ST, NEWARK, NJ, 07107'; inside Newark city",Newark city,3451000,Newark city,"717 N 6TH ST, NEWARK, NJ, 07107"
A0359,925 PARK AVE,Hoboken,NJ,07306,,,4C,5B-10U-H-BA,NJOGIS Parcels & MOD-IV Composite,2026-10-01T22:50Z,Hoboken,NJ,Hudson County,40.748092,-74.030403,census_batch,0.95,"Census batch geocoder exact match '925 PARK AVE, HOBOKEN, NJ, 07030'; inside Hoboken city; source ZIP 07306 is not a Hoboken ZIP and was ignored",Hoboken city,3432250,Hoboken city,"925 PARK AVE, HOBOKEN, NJ, 07030"
A0360,140 NEW YORK AVE.,Jersey City,NJ,10977,1924,,4C,3S-B-A-14U-H,NJOGIS Parcels & MOD-IV Composite,2026-10-01T22:50Z,Jersey City,NJ,Hudson County,40.741104,-74.047112,census_batch,0.95,"Census batch geocoder exact match '140 NEW YORK AVE, JERSEY CITY, NJ, 07307'; inside Jersey City city; source ZIP 10977 is not a Jersey City ZIP and was ignored",Jersey City city,3436000,Jersey City city,"140 NEW YORK AVE, JERSEY CITY, NJ, 07307"
A0361,15 Berkshire St,Cambridge,MA,,1915,6,111,4-8-UNIT-APT,Cambridge Property Database FY2026 (waa7-ibdu),2026-10-01T22:50Z,Cambridge,MA,Middlesex County,42.368427,-71.092041,census_batch,0.95,"Census batch geocoder exact match '15 BERKSHIRE ST, CAMBRIDGE, MA, 02141'; inside Cambridge city",Cambridge city,2511000,Cambridge city,"15 BERKSHIRE ST, CAMBRIDGE, MA, 02141"
A0362,368 RIVERWAY ST,Boston,MA,02115,1920,,A/112,APT 7-30 UNITS,Boston Property Assessment FY2026,2026-10-01T22:50Z,Boston,MA,Suffolk County,42.334292,-71.110791,census_batch,0.85,"Census batch geocoder non_exact match '368 RIVERWAY, BOSTON, MA, 02115'; inside Boston city",Boston city,2507000,Boston city,"368 RIVERWAY, BOSTON, MA, 02115"
A0363,2451 SHATTUCK AVE,Berkeley,CA,94704,,,7700,Alameda County use code (5+ units),Alameda County parcels,2026-10-01T22:50Z,Berkeley,CA,Alameda County,37.86469,-122.267325,census_batch,0.95,"Census batch geocoder exact match '2451 SHATTUCK AVE, BERKELEY, CA, 94704'; inside Berkeley city",Berkeley city,0606000,Berkeley CCD,"2451 SHATTUCK AVE, BERKELEY, CA, 94704"
A0364,125 03RD AV,San Francisco,CA,,1964,6,A5,Apartment 5 to 14 Units,DataSF wv5m-vpq2 (2025 roll),2026-10-01T22:50Z,San Francisco,CA,San Francisco County,37.786438,-122.461516,census_batch,0.95,"Census batch geocoder exact match '125 3RD AVE, SAN FRANCISCO, CA, 94118'; inside San Francisco city (consolidated City and County of San Francisco)",San Francisco city,0667000,Richmond-Presidio-Marina CCD,"125 3RD AVE, SAN FRANCISCO, CA, 94118"
A0365,3940 IDAHO ST,San Diego,CA,92104,,12,14,SANDAG asr_landuse 14-16 (5+ units),SANDAG/SanGIS parcels,2026-10-01T22:50Z,San Diego,CA,San Diego County,32.749236,-117.133915,census_batch,0.95,"Census batch geocoder exact match '3940 IDAHO ST, SAN DIEGO, CA, 92104'; inside San Diego city",San Diego city,0666000,San Diego CCD,"3940 IDAHO ST, SAN DIEGO, CA, 92104"
A0366,230 Everett ST,East Boston,MA,02128,2024,,A/120,LUXURY APARTMENT,Boston Property Assessment FY2026,2026-10-01T22:50Z,Boston,MA,Suffolk County,42.365644,-71.030307,census_batch,0.95,"Census batch geocoder exact match '230 EVERETT ST, EAST BOSTON, MA, 02128'; postal city 'East Boston' is a mailing name, legal city is Boston (Boston city)",Boston city,2507000,Boston city,"230 EVERETT ST, EAST BOSTON, MA, 02128"
A0367,219 S 35TH ST,San Diego,CA,92113,,7,14,SANDAG asr_landuse 14-16 (5+ units),SANDAG/SanGIS parcels,2026-10-01T22:50Z,San Diego,CA,San Diego County,32.704218,-117.118696,census_batch,0.95,"Census batch geocoder exact match '219 S 35TH ST, SAN DIEGO, CA, 92113'; inside San Diego city",San Diego city,0666000,San Diego CCD,"219 S 35TH ST, SAN DIEGO, CA, 92113"
A0368,1430 FRANCISCO ST,San Francisco,CA,,1926,12,A5,Apartment 5 to 14 Units,DataSF wv5m-vpq2 (2025 roll),2026-10-01T22:50Z,San Francisco,CA,San Francisco County,37.80278,-122.428753,census_batch,0.95,"Census batch geocoder exact match '1430 FRANCISCO ST, SAN FRANCISCO, CA, 94123'; inside San Francisco city (consolidated City and County of San Francisco)",San Francisco city,0667000,Richmond-Presidio-Marina CCD,"1430 FRANCISCO ST, SAN FRANCISCO, CA, 94123"
A0369,3260 CALIFORNIA ST,Berkeley,CA,94703,,,7700,Alameda County use code (5+ units),Alameda County parcels,2026-10-01T22:50Z,Berkeley,CA,Alameda County,37.848609,-122.276013,census_batch,0.95,"Census batch geocoder exact match '3260 CALIFORNIA ST, BERKELEY, CA, 94703'; inside Berkeley city",Berkeley city,0606000,Berkeley CCD,"3260 CALIFORNIA ST, BERKELEY, CA, 94703"
A0370,2222 TOBERMAN ST,Los Angeles,CA,90007,1924,6,0500,Five or more apartments,LA County eGIS parcels,2026-10-01T22:50Z,Los Angeles,CA,Los Angeles County,34.034722,-118.281204,census_batch,0.95,"Census batch geocoder exact match '2222 TOBERMAN ST, LOS ANGELES, CA, 90007'; inside Los Angeles city",Los Angeles city,0644000,Los Angeles CCD,"2222 TOBERMAN ST, LOS ANGELES, CA, 90007"
A0371,76-80 BRUEN ST,Newark,NJ,07105,,,4C,USCB16UG,NJOGIS Parcels & MOD-IV Composite,2026-10-01T22:50Z,Newark,NJ,Essex County,40.73046,-74.166804,census_batch,0.95,"Census batch geocoder exact match '76 BRUEN ST, NEWARK, NJ, 07105'; inside Newark city",Newark city,3451000,Newark city,"76 BRUEN ST, NEWARK, NJ, 07105"
A0372,314 SEVENTH ST.,Jersey City,NJ,07302,,,4C,4S-B-D-7U-NH-G,NJOGIS Parcels & MOD-IV Composite,2026-10-01T22:50Z,Jersey City,NJ,Hudson County,40.726486,-74.047956,census_batch,0.95,"Census batch geocoder exact match '314 7TH ST, JERSEY CITY, NJ, 07302'; inside Jersey City city",Jersey City city,3436000,Jersey City city,"314 7TH ST, JERSEY CITY, NJ, 07302"
A0373,1315 SPRUCE ST,Berkeley,CA,94709,,,7200,Alameda County use code (5+ units),Alameda County parcels,2026-10-01T22:50Z,Berkeley,CA,Alameda County,37.883557,-122.266249,census_batch,0.95,"Census batch geocoder exact match '1315 SPRUCE ST, BERKELEY, CA, 94709'; inside Berkeley city",Berkeley city,0606000,Berkeley CCD,"1315 SPRUCE ST, BERKELEY, CA, 94709"
A0374,686 S ARDMORE AVE,Los Angeles,CA,90005,1990,15,0500,Five or more apartments,LA County eGIS parcels,2026-10-01T22:50Z,Los Angeles,CA,Los Angeles County,34.060248,-118.301921,census_batch,0.95,"Census batch geocoder exact match '686 S ARDMORE AVE, LOS ANGELES, CA, 90005'; inside Los Angeles city",Los Angeles city,0644000,Los Angeles CCD,"686 S ARDMORE AVE, LOS ANGELES, CA, 90005"
A0375,1880 FULTON ST,San Francisco,CA,,1921,9,A5,Apartment 5 to 14 Units,DataSF wv5m-vpq2 (2025 roll),2026-10-01T22:50Z,San Francisco,CA,San Francisco County,37.775695,-122.447767,census_batch,0.95,"Census batch geocoder exact match '1880 FULTON ST, SAN FRANCISCO, CA, 94117'; inside San Francisco city (consolidated City and County of San Francisco)",San Francisco city,0667000,Western Addition-Buena Vista-Eureka Valley CCD,"1880 FULTON ST, SAN FRANCISCO, CA, 94117"
A0376,ST JAMES ST,Roxbury,MA,02119,,,A/125,SUBSD HOUSING S- 8,Boston Property Assessment FY2026,2026-10-01T22:50Z,Boston,MA,Suffolk County,42.326653,-71.085442,osm_street_level+census_coords,0.55,"source record has no house number; OpenStreetMap street-level point 'Saint James Street, Nubian Square, Roxbury, Boston, Suffolk County, Massachusetts, 02119, ' used, place from Census coordinates (street could cross a city line: check); postal city 'Roxbury' is a mailing name, legal city is Boston (Boston city)",Boston city,2507000,Boston city,"Saint James Street, Nubian Square, Roxbury, Boston, Suffolk County, Massachusetts, 02119, "
A0377,206 BLOOMFIELD ST,Hoboken,NJ,10003,,,4C,5B-14U-H-BA,NJOGIS Parcels & MOD-IV Composite,2026-10-01T22:50Z,Hoboken,NJ,Hudson County,40.738999,-74.031364,census_batch,0.95,"Census batch geocoder exact match '206 BLOOMFIELD ST, HOBOKEN, NJ, 07030'; inside Hoboken city; source ZIP 10003 is not a Hoboken ZIP and was ignored",Hoboken city,3432250,Hoboken city,"206 BLOOMFIELD ST, HOBOKEN, NJ, 07030"
A0378,4053 IDAHO ST,San Diego,CA,92104,,9,14,SANDAG asr_landuse 14-16 (5+ units),SANDAG/SanGIS parcels,2026-10-01T22:50Z,San Diego,CA,San Diego County,32.751324,-117.133776,census_batch,0.95,"Census batch geocoder exact match '4053 IDAHO ST, SAN DIEGO, CA, 92104'; inside San Diego city",San Diego city,0666000,San Diego CCD,"4053 IDAHO ST, SAN DIEGO, CA, 92104"
A0379,1336 BRUNNER ST,San Diego,CA,92110,,12,14,SANDAG asr_landuse 14-16 (5+ units),SANDAG/SanGIS parcels,2026-10-01T22:50Z,San Diego,CA,San Diego County,32.769172,-117.189896,census_batch,0.95,"Census batch geocoder exact match '1336 BRUNNER ST, SAN DIEGO, CA, 92110'; inside San Diego city",San Diego city,0666000,San Diego CCD,"1336 BRUNNER ST, SAN DIEGO, CA, 92110"
A0380,GREENVILLE ST,Roxbury,MA,02119,,,A/125,SUBSD HOUSING S- 8,Boston Property Assessment FY2026,2026-10-01T22:50Z,Boston,MA,Suffolk County,42.327246,-71.080583,osm_street_level+census_coords,0.55,"source record has no house number; OpenStreetMap street-level point 'Greenville Street, Nubian Square, Roxbury, Boston, Suffolk County, Massachusetts, 02119, U' used, place from Census coordinates (street could cross a city line: check); postal city 'Roxbury' is a mailing name, legal city is Boston (Boston city)",Boston city,2507000,Boston city,"Greenville Street, Nubian Square, Roxbury, Boston, Suffolk County, Massachusetts, 02119, U"
A0381,521-523 MARKET ST,Newark,NJ,07105,,,4C,3S.B.,NJOGIS Parcels & MOD-IV Composite,2026-10-01T22:50Z,Newark,NJ,Essex County,40.732034,-74.155944,census_batch,0.95,"Census batch geocoder exact match '521 MARKET ST, NEWARK, NJ, 07105'; inside Newark city",Newark city,3451000,Newark city,"521 MARKET ST, NEWARK, NJ, 07105"
A0382,119 DAY ST,San Francisco,CA,,1964,10,A5,Apartment 5 to 14 Units,DataSF wv5m-vpq2 (2025 roll),2026-10-01T22:50Z,San Francisco,CA,San Francisco County,37.742928,-122.425132,census_batch,0.95,"Census batch geocoder exact match '119 DAY ST, SAN FRANCISCO, CA, 94131'; inside San Francisco city (consolidated City and County of San Francisco)",San Francisco city,0667000,Western Addition-Buena Vista-Eureka Valley CCD,"119 DAY ST, SAN FRANCISCO, CA, 94131"
A0383,1908 CALIFORNIA ST,Berkeley,CA,94703,,,7700,Alameda County use code (5+ units),Alameda County parcels,2026-10-01T22:50Z,Berkeley,CA,Alameda County,37.872037,-122.280023,census_batch,0.95,"Census batch geocoder exact match '1908 CALIFORNIA ST, BERKELEY, CA, 94703'; inside Berkeley city",Berkeley city,0606000,Berkeley CCD,"1908 CALIFORNIA ST, BERKELEY, CA, 94703"
A0384,21 GUERRERO ST,San Francisco,CA,,1925,7,A5,Apartment 5 to 14 Units,DataSF wv5m-vpq2 (2025 roll),2026-10-01T22:50Z,San Francisco,CA,San Francisco County,37.770515,-122.424413,osm_nominatim+census_coords,0.7,"Census had no match; OpenStreetMap Nominatim house-level hit '21, Guerrero Street, Civic Center, Mission, San Francisco, California, 94143, United State', place from Census coordinates; inside San Francisco city (consolidated City and County of San Francisco)",San Francisco city,0667000,Mission-Bernal CCD,"21, Guerrero Street, Civic Center, Mission, San Francisco, California, 94143, United State"
A0385,1059 UNION ST,San Francisco,CA,,1986,16,A15,Apartment 15 Units or more,DataSF wv5m-vpq2 (2025 roll),2026-10-01T22:50Z,San Francisco,CA,San Francisco County,37.799477,-122.416408,census_batch,0.95,"Census batch geocoder exact match '1059 UNION ST, SAN FRANCISCO, CA, 94133'; inside San Francisco city (consolidated City and County of San Francisco)",San Francisco city,0667000,Downtown-Northeast Neighborhoods-Treasure Island CCD,"1059 UNION ST, SAN FRANCISCO, CA, 94133"
A0386,3654 ARIZONA ST,San Diego,CA,92104,,7,14,SANDAG asr_landuse 14-16 (5+ units),SANDAG/SanGIS parcels,2026-10-01T22:50Z,San Diego,CA,San Diego County,32.744724,-117.137971,census_batch,0.95,"Census batch geocoder exact match '3654 ARIZONA ST, SAN DIEGO, CA, 92104'; inside San Diego city",San Diego city,0666000,San Diego CCD,"3654 ARIZONA ST, SAN DIEGO, CA, 92104"
A0387,10303 CAMINITO ALVAREZ,San Diego,CA,92126,,152,16,SANDAG asr_landuse 14-16 (5+ units),SANDAG/SanGIS parcels,2026-10-01T22:50Z,San Diego,CA,San Diego County,32.905344,-117.169286,census_batch,0.95,"Census batch geocoder exact match '10303 CMT ALVAREZ, SAN DIEGO, CA, 92126'; inside San Diego city",San Diego city,0666000,San Diego CCD,"10303 CMT ALVAREZ, SAN DIEGO, CA, 92126"
A0388,157-155 CLERK ST.,Jersey City,NJ,07305,,,4C,3S-F-D-6U-H,NJOGIS Parcels & MOD-IV Composite,2026-10-01T22:50Z,Jersey City,NJ,Hudson County,40.708974,-74.075698,census_batch,0.95,"Census batch geocoder exact match '157 CLERK ST, JERSEY CITY, NJ, 07305'; inside Jersey City city",Jersey City city,3436000,Jersey City city,"157 CLERK ST, JERSEY CITY, NJ, 07305"
A0389,923 GARDEN ST,Hoboken,NJ,07068,,,4C,5B-10U-H-BA,NJOGIS Parcels & MOD-IV Composite,2026-10-01T22:50Z,Hoboken,NJ,Hudson County,40.747909,-74.029473,census_batch,0.95,"Census batch geocoder exact match '923 GARDEN ST, HOBOKEN, NJ, 07030'; inside Hoboken city; source ZIP 07068 is not a Hoboken ZIP and was ignored",Hoboken city,3432250,Hoboken city,"923 GARDEN ST, HOBOKEN, NJ, 07030"
A0390,70 DARCY ST,Newark,NJ,07202,,,4C,3S.F.,NJOGIS Parcels & MOD-IV Composite,2026-10-01T22:50Z,Newark,NJ,Essex County,40.726005,-74.14993,census_batch,0.95,"Census batch geocoder exact match '70 DARCY ST, NEWARK, NJ, 07105'; inside Newark city; source ZIP 07202 is not a Newark ZIP and was ignored",Newark city,3451000,Newark city,"70 DARCY ST, NEWARK, NJ, 07105"
A0391,265 22ND ST,San Diego,CA,92102,,9,14,SANDAG asr_landuse 14-16 (5+ units),SANDAG/SanGIS parcels,2026-10-01T22:50Z,San Diego,CA,San Diego County,32.707989,-117.143904,census_batch,0.95,"Census batch geocoder exact match '265 22ND ST, SAN DIEGO, CA, 92102'; inside San Diego city",San Diego city,0666000,San Diego CCD,"265 22ND ST, SAN DIEGO, CA, 92102"
A0392,4545 N 39TH ST,San Diego,CA,92116,,7,14,SANDAG asr_landuse 14-16 (5+ units),SANDAG/SanGIS parcels,2026-10-01T22:50Z,San Diego,CA,San Diego County,32.759875,-117.110733,census_batch,0.85,"Census batch geocoder non_exact match '4545 39TH ST, SAN DIEGO, CA, 92116'; inside San Diego city",San Diego city,0666000,San Diego CCD,"4545 39TH ST, SAN DIEGO, CA, 92116"
A0393,91 JORDAN AVE.,Jersey City,NJ,07081,,,4C,4S-BA-21U-H,NJOGIS Parcels & MOD-IV Composite,2026-10-01T22:50Z,Jersey City,NJ,Hudson County,40.726743,-74.064896,census_batch,0.95,"Census batch geocoder exact match '91 JORDAN AVE, JERSEY CITY, NJ, 07306'; inside Jersey City city; source ZIP 07081 is not a Jersey City ZIP and was ignored",Jersey City city,3436000,Jersey City city,"91 JORDAN AVE, JERSEY CITY, NJ, 07306"
A0394,45 RAVINE AVE.,Jersey City,NJ,07302,1912,,4C,3S-B-A-13U-H,NJOGIS Parcels & MOD-IV Composite,2026-10-01T22:50Z,Jersey City,NJ,Hudson County,40.740283,-74.04913,census_batch,0.85,"Census batch geocoder non_exact match '45 RAVINE AVE, JERSEY CITY, NJ, 07307'; inside Jersey City city",Jersey City city,3436000,Jersey City city,"45 RAVINE AVE, JERSEY CITY, NJ, 07307"
A0395,1632 RUSSELL ST,Berkeley,CA,94703,,,7700,Alameda County use code (5+ units),Alameda County parcels,2026-10-01T22:50Z,Berkeley,CA,Alameda County,37.855415,-122.275798,census_batch,0.95,"Census batch geocoder exact match '1632 RUSSELL ST, BERKELEY, CA, 94703'; inside Berkeley city",Berkeley city,0606000,Berkeley CCD,"1632 RUSSELL ST, BERKELEY, CA, 94703"
A0396,3244 CLAIREMONT DR,San Diego,CA,92117,,6,14,SANDAG asr_landuse 14-16 (5+ units),SANDAG/SanGIS parcels,2026-10-01T22:50Z,San Diego,CA,San Diego County,32.800142,-117.195771,census_batch,0.95,"Census batch geocoder exact match '3244 CLAIREMONT DR, SAN DIEGO, CA, 92117'; inside San Diego city",San Diego city,0666000,San Diego CCD,"3244 CLAIREMONT DR, SAN DIEGO, CA, 92117"
A0397,1677 BUSH ST,San Francisco,CA,,1900,21,A15,Apartment 15 Units or more,DataSF wv5m-vpq2 (2025 roll),2026-10-01T22:50Z,San Francisco,CA,San Francisco County,37.788066,-122.424817,census_batch,0.95,"Census batch geocoder exact match '1677 BUSH ST, SAN FRANCISCO, CA, 94109'; inside San Francisco city (consolidated City and County of San Francisco)",San Francisco city,0667000,Western Addition-Buena Vista-Eureka Valley CCD,"1677 BUSH ST, SAN FRANCISCO, CA, 94109"
A0398,890 GREEN ST,San Francisco,CA,,1908,5,TIC,TIC Bldg 4 units or less,DataSF wv5m-vpq2 (2025 roll),2026-10-01T22:50Z,San Francisco,CA,San Francisco County,37.798969,-122.413748,census_batch,0.95,"Census batch geocoder exact match '890 GREEN ST, SAN FRANCISCO, CA, 94133'; inside San Francisco city (consolidated City and County of San Francisco)",San Francisco city,0667000,Downtown-Northeast Neighborhoods-Treasure Island CCD,"890 GREEN ST, SAN FRANCISCO, CA, 94133"
A0399,227 WILLOW AVE,Hoboken,NJ,07643,,,4C,4B-9U,NJOGIS Parcels & MOD-IV Composite,2026-10-01T22:50Z,Hoboken,NJ,Hudson County,40.739691,-74.033924,census_batch,0.95,"Census batch geocoder exact match '227 WILLOW AVE, HOBOKEN, NJ, 07030'; inside Hoboken city; source ZIP 07643 is not a Hoboken ZIP and was ignored",Hoboken city,3432250,Hoboken city,"227 WILLOW AVE, HOBOKEN, NJ, 07030"
A0400,174 MT PROSPECT AVE,Newark,NJ,07107,,,4C,3SB,NJOGIS Parcels & MOD-IV Composite,2026-10-01T22:50Z,Newark,NJ,Essex County,40.757731,-74.175467,census_oneline,0.8,"Census single-line match for normalised '174 MT PROSPECT AVE, Newark, NJ 07107' -> '174 MT PROSPECT AVE, NEWARK, NJ, 07104'; inside Newark city",Newark city,3451000,Newark city,"174 MT PROSPECT AVE, NEWARK, NJ, 07104"
A0401,257 14TH ST,San Francisco,CA,,1908,6,A5,Apartment 5 to 14 Units,DataSF wv5m-vpq2 (2025 roll),2026-10-01T22:50Z,San Francisco,CA,San Francisco County,37.768275,-122.419001,census_batch,0.95,"Census batch geocoder exact match '257 14TH ST, SAN FRANCISCO, CA, 94103'; inside San Francisco city (consolidated City and County of San Francisco)",San Francisco city,0667000,Mission-Bernal CCD,"257 14TH ST, SAN FRANCISCO, CA, 94103"
A0402,2914 LARKIN ST,San Francisco,CA,,1900,5,F5,Flats 5 to 14 units,DataSF wv5m-vpq2 (2025 roll),2026-10-01T22:50Z,San Francisco,CA,San Francisco County,37.804748,-122.421779,census_batch,0.95,"Census batch geocoder exact match '2914 LARKIN ST, SAN FRANCISCO, CA, 94109'; inside San Francisco city (consolidated City and County of San Francisco)",San Francisco city,0667000,Downtown-Northeast Neighborhoods-Treasure Island CCD,"2914 LARKIN ST, SAN FRANCISCO, CA, 94109"
A0403,45 Myrtle ST,Boston,MA,02114,1899,,A/125,SUBSD HOUSING S- 8,Boston Property Assessment FY2026,2026-10-01T22:50Z,Boston,MA,Suffolk County,42.359417,-71.066075,census_batch,0.95,"Census batch geocoder exact match '45 MYRTLE ST, BOSTON, MA, 02114'; inside Boston city",Boston city,2507000,Boston city,"45 MYRTLE ST, BOSTON, MA, 02114"
A0404,240 BOWERS ST.,Jersey City,NJ,07603,1900,,4C,3S-F-D-8U-H,NJOGIS Parcels & MOD-IV Composite,2026-10-01T22:50Z,Jersey City,NJ,Hudson County,40.749177,-74.053172,census_batch,0.95,"Census batch geocoder exact match '240 BOWERS ST, JERSEY CITY, NJ, 07307'; inside Jersey City city; source ZIP 07603 is not a Jersey City ZIP and was ignored",Jersey City city,3436000,Jersey City city,"240 BOWERS ST, JERSEY CITY, NJ, 07307"
A0405,10214 FERNGLEN AVE,Los Angeles,CA,91042,2008,6,0500,Five or more apartments,LA County eGIS parcels,2026-10-01T22:50Z,Los Angeles,CA,Los Angeles County,34.254406,-118.29427,census_batch,0.85,"Census batch geocoder non_exact match '10214 FERNGLEN AVE, TUJUNGA, CA, 91042'; inside Los Angeles city; USPS name 'Tujunga' is a neighborhood of Los Angeles, same city rules",Los Angeles city,0644000,San Fernando Valley CCD,"10214 FERNGLEN AVE, TUJUNGA, CA, 91042"
A0406,170 W Springfield ST,Boston,MA,02118,1899,,A/125,SUBSD HOUSING S- 8,Boston Property Assessment FY2026,2026-10-01T22:50Z,Boston,MA,Suffolk County,42.339468,-71.079433,census_batch,0.95,"Census batch geocoder exact match '170 W SPRINGFIELD ST, BOSTON, MA, 02118'; inside Boston city",Boston city,2507000,Boston city,"170 W SPRINGFIELD ST, BOSTON, MA, 02118"
A0407,4188 GREENBUSH AVE,Los Angeles,CA,91423,1964,10,0500,Five or more apartments,LA County eGIS parcels,2026-10-01T22:50Z,Los Angeles,CA,Los Angeles County,34.146797,-118.42601,census_batch,0.85,"Census batch geocoder non_exact match '4188 GREENBUSH AVE, SHERMAN OAKS, CA, 91423'; inside Los Angeles city; USPS name 'Sherman Oaks' is a neighborhood of Los Angeles, same city rules",Los Angeles city,0644000,San Fernando Valley CCD,"4188 GREENBUSH AVE, SHERMAN OAKS, CA, 91423"
A0408,14375 POLK ST,Los Angeles,CA,91342,1964,23,0500,Five or more apartments,LA County eGIS parcels,2026-10-01T22:50Z,Los Angeles,CA,Los Angeles County,34.31076,-118.446247,census_batch,0.85,"Census batch geocoder non_exact match '14375 POLK ST, SYLMAR, CA, 91342'; inside Los Angeles city; USPS name 'Sylmar' is a neighborhood of Los Angeles, same city rules",Los Angeles city,0644000,San Fernando Valley CCD,"14375 POLK ST, SYLMAR, CA, 91342"
A0409,4428 GRESHAM ST,San Diego,CA,92109,,5,14,SANDAG asr_landuse 14-16 (5+ units),SANDAG/SanGIS parcels,2026-10-01T22:50Z,San Diego,CA,San Diego County,32.797631,-117.244179,census_batch,0.95,"Census batch geocoder exact match '4428 GRESHAM ST, SAN DIEGO, CA, 92109'; inside San Diego city",San Diego city,0666000,San Diego CCD,"4428 GRESHAM ST, SAN DIEGO, CA, 92109"
A0410,319 SUMMIT AVE.,Jersey City,NJ,07306,1920,,4C,4-S-BT-21U-H,NJOGIS Parcels & MOD-IV Composite,2026-10-01T22:50Z,Jersey City,NJ,Hudson County,40.726388,-74.064027,census_batch,0.95,"Census batch geocoder exact match '319 SUMMIT AVE, JERSEY CITY, NJ, 07306'; inside Jersey City city",Jersey City city,3436000,Jersey City city,"319 SUMMIT AVE, JERSEY CITY, NJ, 07306"
A0411,1833 BERKELEY WAY,Berkeley,CA,94703,,,7200,Alameda County use code (5+ units),Alameda County parcels,2026-10-01T22:50Z,Berkeley,CA,Alameda County,37.872329,-122.274653,census_batch,0.95,"Census batch geocoder exact match '1833 BERKELEY WAY, BERKELEY, CA, 94703'; inside Berkeley city",Berkeley city,0606000,Berkeley CCD,"1833 BERKELEY WAY, BERKELEY, CA, 94703"
A0412,229-231 GRAFTON AVE,Newark,NJ,07003,,,4C,3SF,NJOGIS Parcels & MOD-IV Composite,2026-10-01T22:50Z,Newark,NJ,Essex County,40.778219,-74.16718,census_batch,0.95,"Census batch geocoder exact match '229 GRAFTON AVE, NEWARK, NJ, 07104'; inside Newark city; source ZIP 07003 is not a Newark ZIP and was ignored",Newark city,3451000,Newark city,"229 GRAFTON AVE, NEWARK, NJ, 07104"
A0413,2209 GRAND AVE,San Diego,CA,92109,,8,14,SANDAG asr_landuse 14-16 (5+ units),SANDAG/SanGIS parcels,2026-10-01T22:50Z,San Diego,CA,San Diego County,32.800271,-117.229074,census_batch,0.95,"Census batch geocoder exact match '2209 GRAND AVE, SAN DIEGO, CA, 92109'; inside San Diego city",San Diego city,0666000,San Diego CCD,"2209 GRAND AVE, SAN DIEGO, CA, 92109"
A0414,1987 CALIFORNIA ST,San Francisco,CA,,1922,9,A5,Apartment 5 to 14 Units,DataSF wv5m-vpq2 (2025 roll),2026-10-01T22:50Z,San Francisco,CA,San Francisco County,37.789719,-122.426993,census_batch,0.95,"Census batch geocoder exact match '1987 CALIFORNIA ST, SAN FRANCISCO, CA, 94109'; inside San Francisco city (consolidated City and County of San Francisco)",San Francisco city,0667000,Western Addition-Buena Vista-Eureka Valley CCD,"1987 CALIFORNIA ST, SAN FRANCISCO, CA, 94109"
A0415,95 WAYNE ST.,Jersey City,NJ,07302,,,4C,4S-B-A-46U-H,NJOGIS Parcels & MOD-IV Composite,2026-10-01T22:50Z,Jersey City,NJ,Hudson County,40.71986,-74.046863,census_batch,0.95,"Census batch geocoder exact match '95 WAYNE ST, JERSEY CITY, NJ, 07302'; inside Jersey City city",Jersey City city,3436000,Jersey City city,"95 WAYNE ST, JERSEY CITY, NJ, 07302"
A0416,882 PAVONIA AVE.,Jersey City,NJ,10281,,,4C,5S-BT-B-C-21U-H,NJOGIS Parcels & MOD-IV Composite,2026-10-01T22:50Z,Jersey City,NJ,Hudson County,40.734106,-74.069856,census_batch,0.95,"Census batch geocoder exact match '882 PAVONIA AVE, JERSEY CITY, NJ, 07306'; inside Jersey City city; source ZIP 10281 is not a Jersey City ZIP and was ignored",Jersey City city,3436000,Jersey City city,"882 PAVONIA AVE, JERSEY CITY, NJ, 07306"
A0417,4957 CAHUENGA BLVD,Los Angeles,CA,91601,,5,0500,Five or more apartments,LA County eGIS parcels,2026-10-01T22:50Z,Los Angeles,CA,Los Angeles County,34.160498,-118.361591,census_batch,0.85,"Census batch geocoder non_exact match '4957 CAHUENGA BLVD, NORTH HOLLYWOOD, CA, 91601'; inside Los Angeles city; USPS name 'North Hollywood' is a neighborhood of Los Angeles, same city rules",Los Angeles city,0644000,San Fernando Valley CCD,"4957 CAHUENGA BLVD, NORTH HOLLYWOOD, CA, 91601"
A0418,221 SIP AVE.,Jersey City,NJ,07009,,,4C,3S-FD-12U-H,NJOGIS Parcels & MOD-IV Composite,2026-10-01T22:50Z,Jersey City,NJ,Hudson County,40.731795,-74.070139,census_batch,0.95,"Census batch geocoder exact match '221 SIP AVE, JERSEY CITY, NJ, 07306'; inside Jersey City city; source ZIP 07009 is not a Jersey City ZIP and was ignored",Jersey City city,3436000,Jersey City city,"221 SIP AVE, JERSEY CITY, NJ, 07306"
A0419,1538 HENRY ST,Berkeley,CA,94709,,,7700,Alameda County use code (5+ units),Alameda County parcels,2026-10-01T22:50Z,Berkeley,CA,Alameda County,37.879313,-122.270519,census_batch,0.95,"Census batch geocoder exact match '1538 HENRY ST, BERKELEY, CA, 94709'; inside Berkeley city",Berkeley city,0606000,Berkeley CCD,"1538 HENRY ST, BERKELEY, CA, 94709"
A0420,4419 CLEVELAND AVE,San Diego,CA,92116,,10,14,SANDAG asr_landuse 14-16 (5+ units),SANDAG/SanGIS parcels,2026-10-01T22:50Z,San Diego,CA,San Diego County,32.757581,-117.149952,census_batch,0.95,"Census batch geocoder exact match '4419 CLEVELAND AVE, SAN DIEGO, CA, 92116'; inside San Diego city",San Diego city,0666000,San Diego CCD,"4419 CLEVELAND AVE, SAN DIEGO, CA, 92116"
A0421,17106 CHATSWORTH ST   APT 0001,Los Angeles,CA,91344,1964,6,0500,Five or more apartments,LA County eGIS parcels,2026-10-01T22:50Z,Los Angeles,CA,Los Angeles County,34.264737,-118.505814,census_batch,0.85,"Census batch geocoder non_exact match '17106 CHATSWORTH ST, GRANADA HILLS, CA, 91344'; inside Los Angeles city; USPS name 'Granada Hills' is a neighborhood of Los Angeles, same city rules",Los Angeles city,0644000,San Fernando Valley CCD,"17106 CHATSWORTH ST, GRANADA HILLS, CA, 91344"
A0422,21-23 Marion St,Cambridge,MA,,1900,6,111,4-8-UNIT-APT,Cambridge Property Database FY2026 (waa7-ibdu),2026-10-01T22:50Z,Cambridge,MA,Middlesex County,42.372395,-71.088995,census_batch,0.95,"Census batch geocoder exact match '21 MARION ST, CAMBRIDGE, MA, 02141'; inside Cambridge city",Cambridge city,2511000,Cambridge city,"21 MARION ST, CAMBRIDGE, MA, 02141"
A0423,10 CAMELOT CT,Brighton,MA,02135,1965,,A/112,APT 7-30 UNITS,Boston Property Assessment FY2026,2026-10-01T22:50Z,Boston,MA,Suffolk County,42.349363,-71.14133,census_batch,0.95,"Census batch geocoder exact match '10 CAMELOT CT, BRIGHTON, MA, 02135'; postal city 'Brighton' is a mailing name, legal city is Boston (Boston city)",Boston city,2507000,Boston city,"10 CAMELOT CT, BRIGHTON, MA, 02135"
A0424,208 JEFFERSON ST,Hoboken,NJ,07030,,,4C,4F-8U,NJOGIS Parcels & MOD-IV Composite,2026-10-01T22:50Z,Hoboken,NJ,Hudson County,40.740157,-74.037884,census_batch,0.95,"Census batch geocoder exact match '208 JEFFERSON ST, HOBOKEN, NJ, 07030'; inside Hoboken city",Hoboken city,3432250,Hoboken city,"208 JEFFERSON ST, HOBOKEN, NJ, 07030"
A0425,650 POST ST,San Francisco,CA,,1916,23,A15,Apartment 15 Units or more,DataSF wv5m-vpq2 (2025 roll),2026-10-01T22:50Z,San Francisco,CA,San Francisco County,37.787815,-122.412614,census_batch,0.95,"Census batch geocoder exact match '650 POST ST, SAN FRANCISCO, CA, 94109'; inside San Francisco city (consolidated City and County of San Francisco)",San Francisco city,0667000,Downtown-Northeast Neighborhoods-Treasure Island CCD,"650 POST ST, SAN FRANCISCO, CA, 94109"
A0426,1307 COLUSA ST,San Diego,CA,92110,,12,14,SANDAG asr_landuse 14-16 (5+ units),SANDAG/SanGIS parcels,2026-10-01T22:50Z,San Diego,CA,San Diego County,32.768532,-117.190774,census_batch,0.95,"Census batch geocoder exact match '1307 COLUSA ST, SAN DIEGO, CA, 92110'; inside San Diego city",San Diego city,0666000,San Diego CCD,"1307 COLUSA ST, SAN DIEGO, CA, 92110"
A0427,7665 FOUNTAIN AVE,Los Angeles,CA,90046,1986,15,0500,Five or more apartments,LA County eGIS parcels,2026-10-01T22:50Z,Los Angeles,CA,Los Angeles County,34.094478,-118.356733,census_batch,0.85,"Census batch geocoder non_exact match '7665 W FOUNTAIN AVE, LOS ANGELES, CA, 90046'; inside Los Angeles city",Los Angeles city,0644000,Los Angeles CCD,"7665 W FOUNTAIN AVE, LOS ANGELES, CA, 90046"
A0428,312-314 MT PROSPECT AVE,Newark,NJ,07109,,,4C,Apartments (class 4C),NJOGIS Parcels & MOD-IV Composite,2026-10-01T22:50Z,Newark,NJ,Essex County,40.762248,-74.172434,census_oneline,0.8,"Census single-line match for normalised '312 MT PROSPECT AVE, Newark, NJ 07109' -> '312 MT PROSPECT AVE, NEWARK, NJ, 07104'; inside Newark city",Newark city,3451000,Newark city,"312 MT PROSPECT AVE, NEWARK, NJ, 07104"
A0429,12 BLACKWOOD ST,Boston,MA,02115,1899,,A/112,APT 7-30 UNITS,Boston Property Assessment FY2026,2026-10-01T22:50Z,Boston,MA,Suffolk County,42.343159,-71.082684,census_batch,0.95,"Census batch geocoder exact match '12 BLACKWOOD ST, BOSTON, MA, 02115'; inside Boston city",Boston city,2507000,Boston city,"12 BLACKWOOD ST, BOSTON, MA, 02115"
A0430,1950 ADDISON ST,Berkeley,CA,94704,,,7800,Alameda County use code (5+ units),Alameda County parcels,2026-10-01T22:50Z,Berkeley,CA,Alameda County,37.870562,-122.272638,census_batch,0.95,"Census batch geocoder exact match '1950 ADDISON ST, BERKELEY, CA, 94704'; inside Berkeley city",Berkeley city,0606000,Berkeley CCD,"1950 ADDISON ST, BERKELEY, CA, 94704"
A0431,245 EUCLID AVE,San Diego,CA,92114,,5,14,SANDAG asr_landuse 14-16 (5+ units),SANDAG/SanGIS parcels,2026-10-01T22:50Z,San Diego,CA,San Diego County,32.706729,-117.084937,census_batch,0.95,"Census batch geocoder exact match '245 EUCLID AVE, SAN DIEGO, CA, 92114'; inside San Diego city",San Diego city,0666000,San Diego CCD,"245 EUCLID AVE, SAN DIEGO, CA, 92114"
A0432,14605 RAYEN ST,Los Angeles,CA,91402,1978,23,0500,Five or more apartments,LA County eGIS parcels,2026-10-01T22:50Z,Los Angeles,CA,Los Angeles County,34.231843,-118.450479,census_batch,0.85,"Census batch geocoder non_exact match '14605 RAYEN ST, PANORAMA CITY, CA, 91402'; inside Los Angeles city; USPS name 'Panorama City' is a neighborhood of Los Angeles, same city rules",Los Angeles city,0644000,San Fernando Valley CCD,"14605 RAYEN ST, PANORAMA CITY, CA, 91402"
A0433,720 W 27TH ST,Los Angeles,CA,90007,1964,58,0501,Five or more apartments,LA County eGIS parcels,2026-10-01T22:50Z,Los Angeles,CA,Los Angeles County,34.028044,-118.278945,census_batch,0.95,"Census batch geocoder exact match '720 W 27TH ST, LOS ANGELES, CA, 90007'; inside Los Angeles city",Los Angeles city,0644000,Los Angeles CCD,"720 W 27TH ST, LOS ANGELES, CA, 90007"
A0434,1225 HYDE ST,San Francisco,CA,,1913,8,A5,Apartment 5 to 14 Units,DataSF wv5m-vpq2 (2025 roll),2026-10-01T22:50Z,San Francisco,CA,San Francisco County,37.792203,-122.417712,census_batch,0.95,"Census batch geocoder exact match '1225 HYDE ST, SAN FRANCISCO, CA, 94109'; inside San Francisco city (consolidated City and County of San Francisco)",San Francisco city,0667000,Downtown-Northeast Neighborhoods-Treasure Island CCD,"1225 HYDE ST, SAN FRANCISCO, CA, 94109"
A0435,310 MONROE ST,Hoboken,NJ,07632,,,4C,4B-8U-H,NJOGIS Parcels & MOD-IV Composite,2026-10-01T22:50Z,Hoboken,NJ,Hudson County,40.741776,-74.039362,census_batch,0.95,"Census batch geocoder exact match '310 MONROE ST, HOBOKEN, NJ, 07030'; inside Hoboken city; source ZIP 07632 is not a Hoboken ZIP and was ignored",Hoboken city,3432250,Hoboken city,"310 MONROE ST, HOBOKEN, NJ, 07030"
A0436,832 WILLOW AVE,Hoboken,NJ,07030,,,4C,5B-6B-25U-H-BA,NJOGIS Parcels & MOD-IV Composite,2026-10-01T22:50Z,Hoboken,NJ,Hudson County,40.747086,-74.031845,census_batch,0.95,"Census batch geocoder exact match '832 WILLOW AVE, HOBOKEN, NJ, 07030'; inside Hoboken city",Hoboken city,3432250,Hoboken city,"832 WILLOW AVE, HOBOKEN, NJ, 07030"
A0437,2969 SAN MARINO ST,Los Angeles,CA,90006,2004,20,0500,Five or more apartments,LA County eGIS parcels,2026-10-01T22:50Z,Los Angeles,CA,Los Angeles County,34.054574,-118.293871,census_batch,0.95,"Census batch geocoder exact match '2969 SAN MARINO ST, LOS ANGELES, CA, 90006'; inside Los Angeles city",Los Angeles city,0644000,Los Angeles CCD,"2969 SAN MARINO ST, LOS ANGELES, CA, 90006"
A0438,60-62 CAMBRIDGE AVE,Jersey City,NJ,07430,,,4C,3S-F-A-12U-H,NJOGIS Parcels & MOD-IV Composite,2026-10-01T22:50Z,Jersey City,NJ,Hudson County,40.744834,-74.048728,census_batch,0.95,"Census batch geocoder exact match '60 CAMBRIDGE AVE, JERSEY CITY, NJ, 07307'; inside Jersey City city; source ZIP 07430 is not a Jersey City ZIP and was ignored",Jersey City city,3436000,Jersey City city,"60 CAMBRIDGE AVE, JERSEY CITY, NJ, 07307"
A0439,225 25TH AV,San Francisco,CA,,1988,7,A5,Apartment 5 to 14 Units,DataSF wv5m-vpq2 (2025 roll),2026-10-01T22:50Z,San Francisco,CA,San Francisco County,37.785257,-122.485185,census_batch,0.95,"Census batch geocoder exact match '225 25TH AVE, SAN FRANCISCO, CA, 94121'; inside San Francisco city (consolidated City and County of San Francisco)",San Francisco city,0667000,Richmond-Presidio-Marina CCD,"225 25TH AVE, SAN FRANCISCO, CA, 94121"
A0440,4042 FULTON ST,San Francisco,CA,,1921,5,A5,Apartment 5 to 14 Units,DataSF wv5m-vpq2 (2025 roll),2026-10-01T22:50Z,San Francisco,CA,San Francisco County,37.773047,-122.475021,census_batch,0.95,"Census batch geocoder exact match '4042 FULTON ST, SAN FRANCISCO, CA, 94118'; inside San Francisco city (consolidated City and County of San Francisco)",San Francisco city,0667000,Richmond-Presidio-Marina CCD,"4042 FULTON ST, SAN FRANCISCO, CA, 94118"
A0441,4017 ILLINOIS ST,San Diego,CA,92104,,6,14,SANDAG asr_landuse 14-16 (5+ units),SANDAG/SanGIS parcels,2026-10-01T22:50Z,San Diego,CA,San Diego County,32.750692,-117.127624,census_batch,0.95,"Census batch geocoder exact match '4017 ILLINOIS ST, SAN DIEGO, CA, 92104'; inside San Diego city",San Diego city,0666000,San Diego CCD,"4017 ILLINOIS ST, SAN DIEGO, CA, 92104"
A0442,7014 LANEWOOD AVE,Los Angeles,CA,90028,1986,18,0500,Five or more apartments,LA County eGIS parcels,2026-10-01T22:50Z,Los Angeles,CA,Los Angeles County,34.099151,-118.341877,census_batch,0.95,"Census batch geocoder exact match '7014 LANEWOOD AVE, LOS ANGELES, CA, 90028'; inside Los Angeles city",Los Angeles city,0644000,Los Angeles CCD,"7014 LANEWOOD AVE, LOS ANGELES, CA, 90028"
A0443,3526 FAIRMOUNT AVE,San Diego,CA,92105,,16,15,SANDAG asr_landuse 14-16 (5+ units),SANDAG/SanGIS parcels,2026-10-01T22:50Z,San Diego,CA,San Diego County,32.742659,-117.101033,census_batch,0.95,"Census batch geocoder exact match '3526 FAIRMOUNT AVE, SAN DIEGO, CA, 92105'; inside San Diego city",San Diego city,0666000,San Diego CCD,"3526 FAIRMOUNT AVE, SAN DIEGO, CA, 92105"
A0444,231 COMMONWEALTH AV,Boston,MA,02116,1899,,A/112,APT 7-30 UNITS,Boston Property Assessment FY2026,2026-10-01T22:50Z,Boston,MA,Suffolk County,42.351031,-71.082259,census_batch,0.95,"Census batch geocoder exact match '231 COMMONWEALTH AVE, BOSTON, MA, 02116'; inside Boston city",Boston city,2507000,Boston city,"231 COMMONWEALTH AVE, BOSTON, MA, 02116"
A0445,8790 VAN NUYS BLVD,Los Angeles,CA,91402,1977,25,0500,Five or more apartments,LA County eGIS parcels,2026-10-01T22:50Z,Los Angeles,CA,Los Angeles County,34.229751,-118.450185,census_batch,0.85,"Census batch geocoder non_exact match '8790 VAN NUYS BLVD, PANORAMA CITY, CA, 91402'; inside Los Angeles city; USPS name 'Panorama City' is a neighborhood of Los Angeles, same city rules",Los Angeles city,0644000,San Fernando Valley CCD,"8790 VAN NUYS BLVD, PANORAMA CITY, CA, 91402"
A0446,610 COLUMBUS AV,Boston,MA,02118,1899,,A/112,APT 7-30 UNITS,Boston Property Assessment FY2026,2026-10-01T22:50Z,Boston,MA,Suffolk County,42.339113,-71.08346,census_batch,0.95,"Census batch geocoder exact match '610 COLUMBUS AVE, BOSTON, MA, 02118'; inside Boston city",Boston city,2507000,Boston city,"610 COLUMBUS AVE, BOSTON, MA, 02118"
A0447,208 CLINTON ST,Hoboken,NJ,07030,,,4C,5B-35U-G,NJOGIS Parcels & MOD-IV Composite,2026-10-01T22:50Z,Hoboken,NJ,Hudson County,40.739667,-74.035068,census_batch,0.95,"Census batch geocoder exact match '208 CLINTON ST, HOBOKEN, NJ, 07030'; inside Hoboken city",Hoboken city,3432250,Hoboken city,"208 CLINTON ST, HOBOKEN, NJ, 07030"
A0448,151-153 LAFAYETTE ST,Newark,NJ,07105,,,4C,3SB,NJOGIS Parcels & MOD-IV Composite,2026-10-01T22:50Z,Newark,NJ,Essex County,40.730806,-74.166461,census_batch,0.95,"Census batch geocoder exact match '151 LAFAYETTE ST, NEWARK, NJ, 07105'; inside Newark city",Newark city,3451000,Newark city,"151 LAFAYETTE ST, NEWARK, NJ, 07105"
A0449,338 CLINTON PL,Newark,NJ,08701,,,4C,3SB,NJOGIS Parcels & MOD-IV Composite,2026-10-01T22:50Z,Newark,NJ,Essex County,40.712313,-74.21519,census_batch,0.95,"Census batch geocoder exact match '338 CLINTON PL, NEWARK, NJ, 07112'; inside Newark city; source ZIP 08701 is not a Newark ZIP and was ignored",Newark city,3451000,Newark city,"338 CLINTON PL, NEWARK, NJ, 07112"
A0450,94 NEPTUNE AVE.,Jersey City,NJ,11211,,,4C,3S-F-D-6U-NH,NJOGIS Parcels & MOD-IV Composite,2026-10-01T22:50Z,Jersey City,NJ,Hudson County,40.691942,-74.094735,census_batch,0.95,"Census batch geocoder exact match '94 NEPTUNE AVE, JERSEY CITY, NJ, 07305'; inside Jersey City city; source ZIP 11211 is not a Jersey City ZIP and was ignored",Jersey City city,3436000,Jersey City city,"94 NEPTUNE AVE, JERSEY CITY, NJ, 07305"
A0451,7300 VALMONT ST,Los Angeles,CA,91042,1989,8,0500,Five or more apartments,LA County eGIS parcels,2026-10-01T22:50Z,Los Angeles,CA,Los Angeles County,34.252257,-118.291115,census_batch,0.85,"Census batch geocoder non_exact match '7300 VALMONT ST, TUJUNGA, CA, 91042'; inside Los Angeles city; USPS name 'Tujunga' is a neighborhood of Los Angeles, same city rules",Los Angeles city,0644000,San Fernando Valley CCD,"7300 VALMONT ST, TUJUNGA, CA, 91042"
A0452,1310 N LAS PALMAS AVE,Los Angeles,CA,90028,1952,8,0500,Five or more apartments,LA County eGIS parcels,2026-10-01T22:50Z,Los Angeles,CA,Los Angeles County,34.094611,-118.336242,census_batch,0.95,"Census batch geocoder exact match '1310 N LAS PALMAS AVE, LOS ANGELES, CA, 90028'; inside Los Angeles city",Los Angeles city,0644000,Los Angeles CCD,"1310 N LAS PALMAS AVE, LOS ANGELES, CA, 90028"
A0453,11 Carlisle St,Cambridge,MA,,1910,6,111,4-8-UNIT-APT,Cambridge Property Database FY2026 (waa7-ibdu),2026-10-01T22:50Z,Cambridge,MA,Middlesex County,42.37235,-71.097785,census_batch,0.95,"Census batch geocoder exact match '11 CARLISLE ST, CAMBRIDGE, MA, 02139'; inside Cambridge city",Cambridge city,2511000,Cambridge city,"11 CARLISLE ST, CAMBRIDGE, MA, 02139"
A0454,8944 COLUMBUS AVE,Los Angeles,CA,91343,1959,6,0500,Five or more apartments,LA County eGIS parcels,2026-10-01T22:50Z,Los Angeles,CA,Los Angeles County,34.232706,-118.465332,census_batch,0.85,"Census batch geocoder non_exact match '8944 COLUMBUS AVE, NORTH HILLS, CA, 91343'; inside Los Angeles city; USPS name 'North Hills' is a neighborhood of Los Angeles, same city rules",Los Angeles city,0644000,San Fernando Valley CCD,"8944 COLUMBUS AVE, NORTH HILLS, CA, 91343"
A0455,78 STEVENS AVE.,Jersey City,NJ,07108,,,4C,4S-B-A-17U-H,NJOGIS Parcels & MOD-IV Composite,2026-10-01T22:50Z,Jersey City,NJ,Hudson County,40.701284,-74.087633,census_batch,0.95,"Census batch geocoder exact match '78 STEVENS AVE, JERSEY CITY, NJ, 07305'; inside Jersey City city; source ZIP 07108 is not a Jersey City ZIP and was ignored",Jersey City city,3436000,Jersey City city,"78 STEVENS AVE, JERSEY CITY, NJ, 07305"
A0456,2151 CHATSWORTH BLVD,San Diego,CA,92107,,17,15,SANDAG asr_landuse 14-16 (5+ units),SANDAG/SanGIS parcels,2026-10-01T22:50Z,San Diego,CA,San Diego County,32.738822,-117.228547,census_batch,0.95,"Census batch geocoder exact match '2151 CHATSWORTH BLVD, SAN DIEGO, CA, 92107'; inside San Diego city",San Diego city,0666000,San Diego CCD,"2151 CHATSWORTH BLVD, SAN DIEGO, CA, 92107"
A0457,1856 GREEN ST,San Francisco,CA,,1906,5,A5,Apartment 5 to 14 Units,DataSF wv5m-vpq2 (2025 roll),2026-10-01T22:50Z,San Francisco,CA,San Francisco County,37.796928,-122.429685,census_batch,0.95,"Census batch geocoder exact match '1856 GREEN ST, SAN FRANCISCO, CA, 94123'; inside San Francisco city (consolidated City and County of San Francisco)",San Francisco city,0667000,Richmond-Presidio-Marina CCD,"1856 GREEN ST, SAN FRANCISCO, CA, 94123"
A0458,1670 E 48TH PL,Los Angeles,CA,90011,1963,6,0500,Five or more apartments,LA County eGIS parcels,2026-10-01T22:50Z,Los Angeles,CA,Los Angeles County,33.999308,-118.243997,census_batch,0.95,"Census batch geocoder exact match '1670 E 48TH PL, LOS ANGELES, CA, 90011'; inside Los Angeles city",Los Angeles city,0644000,Los Angeles CCD,"1670 E 48TH PL, LOS ANGELES, CA, 90011"
A0459,202 SOUTH ST.,Jersey City,NJ,07423,1915,,4C,3S-F-7U,NJOGIS Parcels & MOD-IV Composite,2026-10-01T22:50Z,Jersey City,NJ,Hudson County,40.750738,-74.05107,census_batch,0.95,"Census batch geocoder exact match '202 SOUTH ST, JERSEY CITY, NJ, 07307'; inside Jersey City city; source ZIP 07423 is not a Jersey City ZIP and was ignored",Jersey City city,3436000,Jersey City city,"202 SOUTH ST, JERSEY CITY, NJ, 07307"
A0460,223-229 SHEPHARD AVE,Newark,NJ,11204,,,4C,3SB,NJOGIS Parcels & MOD-IV Composite,2026-10-01T22:50Z,Newark,NJ,Essex County,40.712318,-74.211486,census_batch,0.95,"Census batch geocoder exact match '223 SHEPHARD AVE, NEWARK, NJ, 07112'; inside Newark city; source ZIP 11204 is not a Newark ZIP and was ignored",Newark city,3451000,Newark city,"223 SHEPHARD AVE, NEWARK, NJ, 07112"
A0461,735 11TH AV,San Francisco,CA,,1923,5,A5,Apartment 5 to 14 Units,DataSF wv5m-vpq2 (2025 roll),2026-10-01T22:50Z,San Francisco,CA,San Francisco County,37.774456,-122.469251,census_batch,0.95,"Census batch geocoder exact match '735 11TH AVE, SAN FRANCISCO, CA, 94118'; inside San Francisco city (consolidated City and County of San Francisco)",San Francisco city,0667000,Richmond-Presidio-Marina CCD,"735 11TH AVE, SAN FRANCISCO, CA, 94118"
A0462,128 ST. PAULS AVE.,Jersey City,NJ,11211,1890,,4C,3S-F-D-6U,NJOGIS Parcels & MOD-IV Composite,2026-10-01T22:50Z,Jersey City,NJ,Hudson County,40.736519,-74.056767,census_batch,0.95,"Census batch geocoder exact match '128 ST PAULS AVE, JERSEY CITY, NJ, 07306'; inside Jersey City city; source ZIP 11211 is not a Jersey City ZIP and was ignored",Jersey City city,3436000,Jersey City city,"128 ST PAULS AVE, JERSEY CITY, NJ, 07306"
A0463,4 BEECHWOOD ST,Dorchester,MA,02121,2007,,A/125,SUBSD HOUSING S- 8,Boston Property Assessment FY2026,2026-10-01T22:50Z,Boston,MA,Suffolk County,42.305073,-71.074773,census_batch,0.95,"Census batch geocoder exact match '4 BEECHWOOD ST, DORCHESTER, MA, 02121'; postal city 'Dorchester' is a mailing name, legal city is Boston (Boston city)",Boston city,2507000,Boston city,"4 BEECHWOOD ST, DORCHESTER, MA, 02121"
A0464,2-98 DABNEY ST,Roxbury,MA,02119,1966,,A/125,SUBSD HOUSING S- 8,Boston Property Assessment FY2026,2026-10-01T22:50Z,Boston,MA,Suffolk County,42.325243,-71.084506,census_batch,0.95,"Census batch geocoder exact match '2 DABNEY ST, ROXBURY, MA, 02119'; postal city 'Roxbury' is a mailing name, legal city is Boston (Boston city)",Boston city,2507000,Boston city,"2 DABNEY ST, ROXBURY, MA, 02119"
A0465,141 Oxford St,Cambridge,MA,,1915,8,111,4-8-UNIT-APT,Cambridge Property Database FY2026 (waa7-ibdu),2026-10-01T22:50Z,Cambridge,MA,Middlesex County,42.385288,-71.116211,census_batch,0.95,"Census batch geocoder exact match '141 OXFORD ST, CAMBRIDGE, MA, 02140'; inside Cambridge city",Cambridge city,2511000,Cambridge city,"141 OXFORD ST, CAMBRIDGE, MA, 02140"
A0466,115 NORWAY ST,Boston,MA,02115,1920,,A/112,APT 7-30 UNITS,Boston Property Assessment FY2026,2026-10-01T22:50Z,Boston,MA,Suffolk County,42.345352,-71.088829,census_batch,0.95,"Census batch geocoder exact match '115 NORWAY ST, BOSTON, MA, 02115'; inside Boston city",Boston city,2507000,Boston city,"115 NORWAY ST, BOSTON, MA, 02115"
A0467,24 ST ALBANS RD,Boston,MA,02115,1923,,A/125,SUBSD HOUSING S- 8,Boston Property Assessment FY2026,2026-10-01T22:50Z,Boston,MA,Suffolk County,42.333878,-71.106997,census_batch,0.95,"Census batch geocoder exact match '24 ST ALBANS RD, BOSTON, MA, 02115'; inside Boston city",Boston city,2507000,Boston city,"24 ST ALBANS RD, BOSTON, MA, 02115"
A0468,13 Shepard St,Cambridge,MA,,1910,6,111,4-8-UNIT-APT,Cambridge Property Database FY2026 (waa7-ibdu),2026-10-01T22:50Z,Cambridge,MA,Middlesex County,42.381662,-71.121016,census_batch,0.95,"Census batch geocoder exact match '13 SHEPARD ST, CAMBRIDGE, MA, 02138'; inside Cambridge city",Cambridge city,2511000,Cambridge city,"13 SHEPARD ST, CAMBRIDGE, MA, 02138"
A0469,2701 SHATTUCK AVE,Berkeley,CA,94705,,,7700,Alameda County use code (5+ units),Alameda County parcels,2026-10-01T22:50Z,Berkeley,CA,Alameda County,37.860021,-122.266949,census_batch,0.95,"Census batch geocoder exact match '2701 SHATTUCK AVE, BERKELEY, CA, 94705'; inside Berkeley city",Berkeley city,0606000,Berkeley CCD,"2701 SHATTUCK AVE, BERKELEY, CA, 94705"
A0470,1919 CURTIS ST,Berkeley,CA,94702,,,7700,Alameda County use code (5+ units),Alameda County parcels,2026-10-01T22:50Z,Berkeley,CA,Alameda County,37.870651,-122.289621,census_batch,0.95,"Census batch geocoder exact match '1919 CURTIS ST, BERKELEY, CA, 94702'; inside Berkeley city",Berkeley city,0606000,Berkeley CCD,"1919 CURTIS ST, BERKELEY, CA, 94702"
A0471,332-334 GARDEN ST,Hoboken,NJ,07604,,,4C,4 1/2B-10U-BA,NJOGIS Parcels & MOD-IV Composite,2026-10-01T22:50Z,Hoboken,NJ,Hudson County,40.740724,-74.031825,census_batch,0.95,"Census batch geocoder exact match '332 GARDEN ST, HOBOKEN, NJ, 07030'; inside Hoboken city; source ZIP 07604 is not a Hoboken ZIP and was ignored",Hoboken city,3432250,Hoboken city,"332 GARDEN ST, HOBOKEN, NJ, 07030"
A0472,321 WILLOW AVE,Hoboken,NJ,07030,,,4C,5B-12U-BA,NJOGIS Parcels & MOD-IV Composite,2026-10-01T22:50Z,Hoboken,NJ,Hudson County,40.740882,-74.033573,census_batch,0.95,"Census batch geocoder exact match '321 WILLOW AVE, HOBOKEN, NJ, 07030'; inside Hoboken city",Hoboken city,3432250,Hoboken city,"321 WILLOW AVE, HOBOKEN, NJ, 07030"
A0473,20 Phillips ST,Boston,MA,02114,1899,,A/112,APT 7-30 UNITS,Boston Property Assessment FY2026,2026-10-01T22:50Z,Boston,MA,Suffolk County,42.360299,-71.067297,census_batch,0.95,"Census batch geocoder exact match '20 PHILLIPS ST, BOSTON, MA, 02114'; inside Boston city",Boston city,2507000,Boston city,"20 PHILLIPS ST, BOSTON, MA, 02114"
A0474,3438 MCKINLEY AVE,Los Angeles,CA,90011,1928,8,0500,Five or more apartments,LA County eGIS parcels,2026-10-01T22:50Z,Los Angeles,CA,Los Angeles County,34.012651,-118.260383,census_batch,0.95,"Census batch geocoder exact match '3438 MCKINLEY AVE, LOS ANGELES, CA, 90011'; inside Los Angeles city",Los Angeles city,0644000,Los Angeles CCD,"3438 MCKINLEY AVE, LOS ANGELES, CA, 90011"
A0475,361 FIRST ST,Hoboken,NJ,07030,,,4C,4B-7U-H,NJOGIS Parcels & MOD-IV Composite,2026-10-01T22:50Z,Hoboken,NJ,Hudson County,40.738242,-74.035829,census_batch,0.95,"Census batch geocoder exact match '361 1ST ST, HOBOKEN, NJ, 07030'; inside Hoboken city",Hoboken city,3432250,Hoboken city,"361 1ST ST, HOBOKEN, NJ, 07030"
A0476,26-28 COTTAGE ST,Newark,NJ,07840,,,4C,2SF2UG,NJOGIS Parcels & MOD-IV Composite,2026-10-01T22:50Z,Newark,NJ,Essex County,40.728832,-74.171995,census_batch,0.95,"Census batch geocoder exact match '26 COTTAGE ST, NEWARK, NJ, 07102'; inside Newark city; source ZIP 07840 is not a Newark ZIP and was ignored",Newark city,3451000,Newark city,"26 COTTAGE ST, NEWARK, NJ, 07102"
A0477,2250 MISSION ST,San Francisco,CA,,1975,19,A15,Apartment 15 Units or more,DataSF wv5m-vpq2 (2025 roll),2026-10-01T22:50Z,San Francisco,CA,San Francisco County,37.761016,-122.419353,census_batch,0.95,"Census batch geocoder exact match '2250 MISSION ST, SAN FRANCISCO, CA, 94110'; inside San Francisco city (consolidated City and County of San Francisco)",San Francisco city,0667000,Mission-Bernal CCD,"2250 MISSION ST, SAN FRANCISCO, CA, 94110"
A0478,3860 CHEROKEE AVE,San Diego,CA,92104,,9,14,SANDAG asr_landuse 14-16 (5+ units),SANDAG/SanGIS parcels,2026-10-01T22:50Z,San Diego,CA,San Diego County,32.748447,-117.11442,census_batch,0.95,"Census batch geocoder exact match '3860 CHEROKEE AVE, SAN DIEGO, CA, 92104'; inside San Diego city",San Diego city,0666000,San Diego CCD,"3860 CHEROKEE AVE, SAN DIEGO, CA, 92104"
A0479,12948 MOORPARK ST,Los Angeles,CA,91604,1990,8,0500,Five or more apartments,LA County eGIS parcels,2026-10-01T22:50Z,Los Angeles,CA,Los Angeles County,34.150301,-118.415276,census_batch,0.85,"Census batch geocoder non_exact match '12948 MOORPARK ST, STUDIO CITY, CA, 91604'; inside Los Angeles city; USPS name 'Studio City' is a neighborhood of Los Angeles, same city rules",Los Angeles city,0644000,San Fernando Valley CCD,"12948 MOORPARK ST, STUDIO CITY, CA, 91604"
A0480,4046 N 43RD ST,San Diego,CA,92105,,11,14,SANDAG asr_landuse 14-16 (5+ units),SANDAG/SanGIS parcels,2026-10-01T22:50Z,San Diego,CA,San Diego County,32.750482,-117.102033,census_batch,0.85,"Census batch geocoder non_exact match '4046 43RD ST, SAN DIEGO, CA, 92105'; inside San Diego city",San Diego city,0666000,San Diego CCD,"4046 43RD ST, SAN DIEGO, CA, 92105"
A0481,536 LEAVENWORTH ST,San Francisco,CA,,1925,63,A15,Apartment 15 Units or more,DataSF wv5m-vpq2 (2025 roll),2026-10-01T22:50Z,San Francisco,CA,San Francisco County,37.786028,-122.414634,census_batch,0.95,"Census batch geocoder exact match '536 LEAVENWORTH ST, SAN FRANCISCO, CA, 94109'; inside San Francisco city (consolidated City and County of San Francisco)",San Francisco city,0667000,Downtown-Northeast Neighborhoods-Treasure Island CCD,"536 LEAVENWORTH ST, SAN FRANCISCO, CA, 94109"
A0482,101 CLIFTON PL.,Jersey City,NJ,10982,,,4C,4S-B-A-25U-H,NJOGIS Parcels & MOD-IV Composite,2026-10-01T22:50Z,Jersey City,NJ,Hudson County,40.721028,-74.064875,census_batch,0.95,"Census batch geocoder exact match '101 CLIFTON PL, JERSEY CITY, NJ, 07304'; inside Jersey City city; source ZIP 10982 is not a Jersey City ZIP and was ignored",Jersey City city,3436000,Jersey City city,"101 CLIFTON PL, JERSEY CITY, NJ, 07304"
A0483,1580 MARKET ST,San Francisco,CA,,1917,72,A15,Apartment 15 Units or more,DataSF wv5m-vpq2 (2025 roll),2026-10-01T22:50Z,San Francisco,CA,San Francisco County,37.774589,-122.420119,census_batch,0.95,"Census batch geocoder exact match '1580 MARKET ST, SAN FRANCISCO, CA, 94102'; inside San Francisco city (consolidated City and County of San Francisco)",San Francisco city,0667000,Western Addition-Buena Vista-Eureka Valley CCD,"1580 MARKET ST, SAN FRANCISCO, CA, 94102"
A0484,1801 08TH AV,San Francisco,CA,,1948,5,A5,Apartment 5 to 14 Units,DataSF wv5m-vpq2 (2025 roll),2026-10-01T22:50Z,San Francisco,CA,San Francisco County,37.754691,-122.464658,census_batch,0.95,"Census batch geocoder exact match '1801 8TH AVE, SAN FRANCISCO, CA, 94122'; inside San Francisco city (consolidated City and County of San Francisco)",San Francisco city,0667000,Sunset CCD,"1801 8TH AVE, SAN FRANCISCO, CA, 94122"
A0485,296-302 Western Ave,Cambridge,MA,,1920,6,111,4-8-UNIT-APT,Cambridge Property Database FY2026 (waa7-ibdu),2026-10-01T22:50Z,Cambridge,MA,Middlesex County,42.364528,-71.112706,census_batch,0.95,"Census batch geocoder exact match '296 WESTERN AVE, CAMBRIDGE, MA, 02139'; inside Cambridge city",Cambridge city,2511000,Cambridge city,"296 WESTERN AVE, CAMBRIDGE, MA, 02139"
A0486,2280 MISSION ST,San Francisco,CA,,1910,9,A5,Apartment 5 to 14 Units,DataSF wv5m-vpq2 (2025 roll),2026-10-01T22:50Z,San Francisco,CA,San Francisco County,37.760561,-122.41931,census_batch,0.95,"Census batch geocoder exact match '2280 MISSION ST, SAN FRANCISCO, CA, 94110'; inside San Francisco city (consolidated City and County of San Francisco)",San Francisco city,0667000,Mission-Bernal CCD,"2280 MISSION ST, SAN FRANCISCO, CA, 94110"
A0487,2118 FILLMORE ST,San Francisco,CA,,1900,11,A5,Apartment 5 to 14 Units,DataSF wv5m-vpq2 (2025 roll),2026-10-01T22:50Z,San Francisco,CA,San Francisco County,37.789125,-122.433811,census_batch,0.95,"Census batch geocoder exact match '2118 FILLMORE ST, SAN FRANCISCO, CA, 94115'; inside San Francisco city (consolidated City and County of San Francisco)",San Francisco city,0667000,Richmond-Presidio-Marina CCD,"2118 FILLMORE ST, SAN FRANCISCO, CA, 94115"
A0488,197 BEACON ST,Boston,MA,02116,1900,,A/112,APT 7-30 UNITS,Boston Property Assessment FY2026,2026-10-01T22:50Z,Boston,MA,Suffolk County,42.354231,-71.076768,census_batch,0.95,"Census batch geocoder exact match '197 BEACON ST, BOSTON, MA, 02116'; inside Boston city",Boston city,2507000,Boston city,"197 BEACON ST, BOSTON, MA, 02116"
A0489,204 GRAND ST,Hoboken,NJ,06901,2000,,4C,6B-30U-G,NJOGIS Parcels & MOD-IV Composite,2026-10-01T22:50Z,Hoboken,NJ,Hudson County,40.739787,-74.036041,census_batch,0.95,"Census batch geocoder exact match '204 GRAND ST, HOBOKEN, NJ, 07030'; inside Hoboken city; source ZIP 06901 is not a Hoboken ZIP and was ignored",Hoboken city,3432250,Hoboken city,"204 GRAND ST, HOBOKEN, NJ, 07030"
A0490,526 ADAMS ST,Hoboken,NJ,07030,,,4C,4F-8U-C/3F-2U,NJOGIS Parcels & MOD-IV Composite,2026-10-01T22:50Z,Hoboken,NJ,Hudson County,40.743676,-74.03583,census_batch,0.95,"Census batch geocoder exact match '526 ADAMS ST, HOBOKEN, NJ, 07030'; inside Hoboken city",Hoboken city,3432250,Hoboken city,"526 ADAMS ST, HOBOKEN, NJ, 07030"
A0491,37 IRVING ST,Newark,NJ,07104,,,4C,3SF,NJOGIS Parcels & MOD-IV Composite,2026-10-01T22:50Z,Newark,NJ,Essex County,40.778727,-74.158667,census_batch,0.95,"Census batch geocoder exact match '37 IRVING ST, NEWARK, NJ, 07104'; inside Newark city",Newark city,3451000,Newark city,"37 IRVING ST, NEWARK, NJ, 07104"
A0492,800 S HARVARD BLVD,Los Angeles,CA,90005,2019,131,0551,Five or more apartments,LA County eGIS parcels,2026-10-01T22:50Z,Los Angeles,CA,Los Angeles County,34.057624,-118.304092,census_batch,0.95,"Census batch geocoder exact match '800 S HARVARD BLVD, LOS ANGELES, CA, 90005'; inside Los Angeles city",Los Angeles city,0644000,Los Angeles CCD,"800 S HARVARD BLVD, LOS ANGELES, CA, 90005"
A0493,4450 GEARY BL,San Francisco,CA,,1916,10,A5,Apartment 5 to 14 Units,DataSF wv5m-vpq2 (2025 roll),2026-10-01T22:50Z,San Francisco,CA,San Francisco County,37.78103,-122.466976,census_batch,0.95,"Census batch geocoder exact match '4450 GEARY BLVD, SAN FRANCISCO, CA, 94118'; inside San Francisco city (consolidated City and County of San Francisco)",San Francisco city,0667000,Richmond-Presidio-Marina CCD,"4450 GEARY BLVD, SAN FRANCISCO, CA, 94118"
A0494,2641 FRANKLIN ST,San Francisco,CA,,1923,6,A5,Apartment 5 to 14 Units,DataSF wv5m-vpq2 (2025 roll),2026-10-01T22:50Z,San Francisco,CA,San Francisco County,37.798726,-122.425776,census_batch,0.95,"Census batch geocoder exact match '2641 FRANKLIN ST, SAN FRANCISCO, CA, 94123'; inside San Francisco city (consolidated City and County of San Francisco)",San Francisco city,0667000,Richmond-Presidio-Marina CCD,"2641 FRANKLIN ST, SAN FRANCISCO, CA, 94123"
A0495,230 VAN HORNE ST.,Jersey City,NJ,11219,1895,,4C,3S-B-D-6U-NH,NJOGIS Parcels & MOD-IV Composite,2026-10-01T22:50Z,Jersey City,NJ,Hudson County,40.713022,-74.063079,census_batch,0.95,"Census batch geocoder exact match '230 VAN HORNE ST, JERSEY CITY, NJ, 07304'; inside Jersey City city; source ZIP 11219 is not a Jersey City ZIP and was ignored",Jersey City city,3436000,Jersey City city,"230 VAN HORNE ST, JERSEY CITY, NJ, 07304"
A0496,512 32ND ST,San Diego,CA,92102,,8,14,SANDAG asr_landuse 14-16 (5+ units),SANDAG/SanGIS parcels,2026-10-01T22:50Z,San Diego,CA,San Diego County,32.710782,-117.125337,census_batch,0.95,"Census batch geocoder exact match '512 32ND ST, SAN DIEGO, CA, 92102'; inside San Diego city",San Diego city,0666000,San Diego CCD,"512 32ND ST, SAN DIEGO, CA, 92102"
A0497,3750 29TH ST,San Diego,CA,92104,,5,14,SANDAG asr_landuse 14-16 (5+ units),SANDAG/SanGIS parcels,2026-10-01T22:50Z,San Diego,CA,San Diego County,32.746375,-117.131053,census_batch,0.95,"Census batch geocoder exact match '3750 29TH ST, SAN DIEGO, CA, 92104'; inside San Diego city",San Diego city,0666000,San Diego CCD,"3750 29TH ST, SAN DIEGO, CA, 92104"
A0498,684-686 SUMMER AVE,Newark,NJ,07644,,,4C,3SB,NJOGIS Parcels & MOD-IV Composite,2026-10-01T22:50Z,Newark,NJ,Essex County,40.77533,-74.163418,census_batch,0.95,"Census batch geocoder exact match '684 SUMMER AVE, NEWARK, NJ, 07104'; inside Newark city; source ZIP 07644 is not a Newark ZIP and was ignored",Newark city,3451000,Newark city,"684 SUMMER AVE, NEWARK, NJ, 07104"
A0499,8519 WILLIS AVE,Los Angeles,CA,91402,1962,33,0501,Five or more apartments,LA County eGIS parcels,2026-10-01T22:50Z,Los Angeles,CA,Los Angeles County,34.225077,-118.455357,census_batch,0.85,"Census batch geocoder non_exact match '8519 WILLIS AVE, PANORAMA CITY, CA, 91402'; inside Los Angeles city; USPS name 'Panorama City' is a neighborhood of Los Angeles, same city rules",Los Angeles city,0644000,San Fernando Valley CCD,"8519 WILLIS AVE, PANORAMA CITY, CA, 91402"
A0500,8811 BURNET AVE,Los Angeles,CA,91343,1954,36,0500,Five or more apartments,LA County eGIS parcels,2026-10-01T22:50Z,Los Angeles,CA,Los Angeles County,34.230254,-118.463343,census_batch,0.85,"Census batch geocoder non_exact match '8811 BURNET AVE, NORTH HILLS, CA, 91343'; inside Los Angeles city; USPS name 'North Hills' is a neighborhood of Los Angeles, same city rules",Los Angeles city,0644000,San Fernando Valley CCD,"8811 BURNET AVE, NORTH HILLS, CA, 91343"
